probability_nonAMP,probability_AMP,predicted,seq_id,AMP_Pred
0.7625,0.2375,nonAMP,peptide_test_id0,0
0.85625,0.14375,nonAMP,peptide_test_id1,0
0.44375,0.55625,AMP,peptide_test_id2,1
0.86875,0.13125,nonAMP,peptide_test_id3,0
0.75625,0.24375,nonAMP,peptide_test_id4,0
0.6375,0.3625,nonAMP,peptide_test_id5,0
0.41875,0.58125,AMP,peptide_test_id6,1
0.075,0.925,AMP,peptide_test_id7,1
0.70625,0.29375,nonAMP,peptide_test_id8,0
0.4125,0.5875,AMP,peptide_test_id9,1
0.8375,0.1625,nonAMP,peptide_test_id10,0
0.15625,0.84375,AMP,peptide_test_id11,1
0.6625,0.3375,nonAMP,peptide_test_id12,0
0.425,0.575,AMP,peptide_test_id13,1
0.59375,0.40625,nonAMP,peptide_test_id14,0
0.5125,0.4875,nonAMP,peptide_test_id15,0
0.0875,0.9125,AMP,peptide_test_id16,1
0.775,0.225,nonAMP,peptide_test_id17,0
0.6375,0.3625,nonAMP,peptide_test_id18,0
0.65,0.35,nonAMP,peptide_test_id19,0
0.15,0.85,AMP,peptide_test_id20,1
0.06875,0.93125,AMP,peptide_test_id21,1
0.1125,0.8875,AMP,peptide_test_id22,1
0.09375,0.90625,AMP,peptide_test_id23,1
0.4375,0.5625,AMP,peptide_test_id24,1
0.4125,0.5875,AMP,peptide_test_id25,1
0.1625,0.8375,AMP,peptide_test_id26,1
0.7625,0.2375,nonAMP,peptide_test_id27,0
0.94375,0.05625,nonAMP,peptide_test_id28,0
0.70625,0.29375,nonAMP,peptide_test_id29,0
0.26875,0.73125,AMP,peptide_test_id30,1
0.2,0.8,AMP,peptide_test_id31,1
0.05,0.95,AMP,peptide_test_id32,1
0.68125,0.31875,nonAMP,peptide_test_id33,0
0.24375,0.75625,AMP,peptide_test_id34,1
0.4375,0.5625,AMP,peptide_test_id35,1
0.7625,0.2375,nonAMP,peptide_test_id36,0
0.6125,0.3875,nonAMP,peptide_test_id37,0
0.4875,0.5125,AMP,peptide_test_id38,1
0.55625,0.44375,nonAMP,peptide_test_id39,0
0.08125,0.91875,AMP,peptide_test_id40,1
0.66875,0.33125,nonAMP,peptide_test_id41,0
0.625,0.375,nonAMP,peptide_test_id42,0
0.51875,0.48125,nonAMP,peptide_test_id43,0
0.6875,0.3125,nonAMP,peptide_test_id44,0
0.88125,0.11875,nonAMP,peptide_test_id45,0
0.56875,0.43125,nonAMP,peptide_test_id46,0
0.00625,0.99375,AMP,peptide_test_id47,1
0.18125,0.81875,AMP,peptide_test_id48,1
0.56875,0.43125,nonAMP,peptide_test_id49,0
0.9125,0.0875,nonAMP,peptide_test_id50,0
0.20625,0.79375,AMP,peptide_test_id51,1
0.85625,0.14375,nonAMP,peptide_test_id52,0
0.9,0.1,nonAMP,peptide_test_id53,0
0.31875,0.68125,AMP,peptide_test_id54,1
0.50625,0.49375,nonAMP,peptide_test_id55,0
0.6625,0.3375,nonAMP,peptide_test_id56,0
0.775,0.225,nonAMP,peptide_test_id57,0
0.4875,0.5125,AMP,peptide_test_id58,1
0.48125,0.51875,AMP,peptide_test_id59,1
0.1625,0.8375,AMP,peptide_test_id60,1
0.875,0.125,nonAMP,peptide_test_id61,0
0.83125,0.16875,nonAMP,peptide_test_id62,0
0.49375,0.50625,AMP,peptide_test_id63,1
0.81875,0.18125,nonAMP,peptide_test_id64,0
0.6875,0.3125,nonAMP,peptide_test_id65,0
0.39375,0.60625,AMP,peptide_test_id66,1
0.05,0.95,AMP,peptide_test_id67,1
0.34375,0.65625,AMP,peptide_test_id68,1
0.63125,0.36875,nonAMP,peptide_test_id69,0
0.425,0.575,AMP,peptide_test_id70,1
0.9125,0.0875,nonAMP,peptide_test_id71,0
0.33125,0.66875,AMP,peptide_test_id72,1
0.6875,0.3125,nonAMP,peptide_test_id73,0
0.83125,0.16875,nonAMP,peptide_test_id74,0
0.1375,0.8625,AMP,peptide_test_id75,1
0.625,0.375,nonAMP,peptide_test_id76,0
0.8625,0.1375,nonAMP,peptide_test_id77,0
0.44375,0.55625,AMP,peptide_test_id78,1
0.6,0.4,nonAMP,peptide_test_id79,0
0.05,0.95,AMP,peptide_test_id80,1
0.95,0.05,nonAMP,peptide_test_id81,0
0.5125,0.4875,nonAMP,peptide_test_id82,0
0.26875,0.73125,AMP,peptide_test_id83,1
0.1,0.9,AMP,peptide_test_id84,1
0.6,0.4,nonAMP,peptide_test_id85,0
0.1875,0.8125,AMP,peptide_test_id86,1
0.3125,0.6875,AMP,peptide_test_id87,1
0.54375,0.45625,nonAMP,peptide_test_id88,0
0.35,0.65,AMP,peptide_test_id89,1
0.575,0.425,nonAMP,peptide_test_id90,0
0.7375,0.2625,nonAMP,peptide_test_id91,0
0.9875,0.0125,nonAMP,peptide_test_id92,0
0.6,0.4,nonAMP,peptide_test_id93,0
0.3875,0.6125,AMP,peptide_test_id94,1
0.95,0.05,nonAMP,peptide_test_id95,0
0.70625,0.29375,nonAMP,peptide_test_id96,0
0.325,0.675,AMP,peptide_test_id97,1
0.4,0.6,AMP,peptide_test_id98,1
0.5125,0.4875,nonAMP,peptide_test_id99,0
0.86875,0.13125,nonAMP,peptide_test_id100,0
0.05,0.95,AMP,peptide_test_id101,1
0.5875,0.4125,nonAMP,peptide_test_id102,0
0.34375,0.65625,AMP,peptide_test_id103,1
0.475,0.525,AMP,peptide_test_id104,1
0.8625,0.1375,nonAMP,peptide_test_id105,0
0.75,0.25,nonAMP,peptide_test_id106,0
0.95,0.05,nonAMP,peptide_test_id107,0
0.175,0.825,AMP,peptide_test_id108,1
0.3125,0.6875,AMP,peptide_test_id109,1
0.41875,0.58125,AMP,peptide_test_id110,1
0.4,0.6,AMP,peptide_test_id111,1
0.2125,0.7875,AMP,peptide_test_id112,1
0.65625,0.34375,nonAMP,peptide_test_id113,0
0.775,0.225,nonAMP,peptide_test_id114,0
0.90625,0.09375,nonAMP,peptide_test_id115,0
0.39375,0.60625,AMP,peptide_test_id116,1
0.54375,0.45625,nonAMP,peptide_test_id117,0
0.5375,0.4625,nonAMP,peptide_test_id118,0
0.5125,0.4875,nonAMP,peptide_test_id119,0
0.0375,0.9625,AMP,peptide_test_id120,1
0.40625,0.59375,AMP,peptide_test_id121,1
0.925,0.075,nonAMP,peptide_test_id122,0
0.49375,0.50625,AMP,peptide_test_id123,1
0.74375,0.25625,nonAMP,peptide_test_id124,0
0.11875,0.88125,AMP,peptide_test_id125,1
0.10625,0.89375,AMP,peptide_test_id126,1
0.7125,0.2875,nonAMP,peptide_test_id127,0
0.4,0.6,AMP,peptide_test_id128,1
0.625,0.375,nonAMP,peptide_test_id129,0
0.06875,0.93125,AMP,peptide_test_id130,1
0.2,0.8,AMP,peptide_test_id131,1
0.46875,0.53125,AMP,peptide_test_id132,1
0.64375,0.35625,nonAMP,peptide_test_id133,0
0.61875,0.38125,nonAMP,peptide_test_id134,0
0.7875,0.2125,nonAMP,peptide_test_id135,0
0.56875,0.43125,nonAMP,peptide_test_id136,0
0.15,0.85,AMP,peptide_test_id137,1
0.85,0.15,nonAMP,peptide_test_id138,0
0.6375,0.3625,nonAMP,peptide_test_id139,0
0.5625,0.4375,nonAMP,peptide_test_id140,0
0.85,0.15,nonAMP,peptide_test_id141,0
0.5625,0.4375,nonAMP,peptide_test_id142,0
0.0,1.0,AMP,peptide_test_id143,1
0.65,0.35,nonAMP,peptide_test_id144,0
0.8625,0.1375,nonAMP,peptide_test_id145,0
0.73125,0.26875,nonAMP,peptide_test_id146,0
0.8125,0.1875,nonAMP,peptide_test_id147,0
0.25625,0.74375,AMP,peptide_test_id148,1
0.85625,0.14375,nonAMP,peptide_test_id149,0
0.25625,0.74375,AMP,peptide_test_id150,1
0.59375,0.40625,nonAMP,peptide_test_id151,0
0.7375,0.2625,nonAMP,peptide_test_id152,0
0.60625,0.39375,nonAMP,peptide_test_id153,0
0.70625,0.29375,nonAMP,peptide_test_id154,0
0.50625,0.49375,nonAMP,peptide_test_id155,0
0.025,0.975,AMP,peptide_test_id156,1
0.8125,0.1875,nonAMP,peptide_test_id157,0
0.20625,0.79375,AMP,peptide_test_id158,1
0.325,0.675,AMP,peptide_test_id159,1
0.175,0.825,AMP,peptide_test_id160,1
0.2375,0.7625,AMP,peptide_test_id161,1
0.71875,0.28125,nonAMP,peptide_test_id162,0
0.40625,0.59375,AMP,peptide_test_id163,1
0.5625,0.4375,nonAMP,peptide_test_id164,0
0.6,0.4,nonAMP,peptide_test_id165,0
0.025,0.975,AMP,peptide_test_id166,1
0.6875,0.3125,nonAMP,peptide_test_id167,0
0.425,0.575,AMP,peptide_test_id168,1
0.425,0.575,AMP,peptide_test_id169,1
0.375,0.625,AMP,peptide_test_id170,1
0.625,0.375,nonAMP,peptide_test_id171,0
0.26875,0.73125,AMP,peptide_test_id172,1
0.8375,0.1625,nonAMP,peptide_test_id173,0
0.54375,0.45625,nonAMP,peptide_test_id174,0
0.03125,0.96875,AMP,peptide_test_id175,1
0.6125,0.3875,nonAMP,peptide_test_id176,0
0.525,0.475,nonAMP,peptide_test_id177,0
0.275,0.725,AMP,peptide_test_id178,1
0.625,0.375,nonAMP,peptide_test_id179,0
0.75625,0.24375,nonAMP,peptide_test_id180,0
0.79375,0.20625,nonAMP,peptide_test_id181,0
0.375,0.625,AMP,peptide_test_id182,1
0.875,0.125,nonAMP,peptide_test_id183,0
0.8125,0.1875,nonAMP,peptide_test_id184,0
0.4375,0.5625,AMP,peptide_test_id185,1
0.225,0.775,AMP,peptide_test_id186,1
0.375,0.625,AMP,peptide_test_id187,1
0.61875,0.38125,nonAMP,peptide_test_id188,0
0.075,0.925,AMP,peptide_test_id189,1
0.85625,0.14375,nonAMP,peptide_test_id190,0
0.46875,0.53125,AMP,peptide_test_id191,1
0.55,0.45,nonAMP,peptide_test_id192,0
0.65,0.35,nonAMP,peptide_test_id193,0
0.9125,0.0875,nonAMP,peptide_test_id194,0
0.6125,0.3875,nonAMP,peptide_test_id195,0
0.6625,0.3375,nonAMP,peptide_test_id196,0
0.39375,0.60625,AMP,peptide_test_id197,1
0.925,0.075,nonAMP,peptide_test_id198,0
0.21875,0.78125,AMP,peptide_test_id199,1
0.46875,0.53125,AMP,peptide_test_id200,1
0.925,0.075,nonAMP,peptide_test_id201,0
0.8875,0.1125,nonAMP,peptide_test_id202,0
0.625,0.375,nonAMP,peptide_test_id203,0
0.3,0.7,AMP,peptide_test_id204,1
0.0625,0.9375,AMP,peptide_test_id205,1
0.60625,0.39375,nonAMP,peptide_test_id206,0
0.2625,0.7375,AMP,peptide_test_id207,1
0.56875,0.43125,nonAMP,peptide_test_id208,0
0.8875,0.1125,nonAMP,peptide_test_id209,0
0.71875,0.28125,nonAMP,peptide_test_id210,0
0.8125,0.1875,nonAMP,peptide_test_id211,0
0.3125,0.6875,AMP,peptide_test_id212,1
0.825,0.175,nonAMP,peptide_test_id213,0
0.26875,0.73125,AMP,peptide_test_id214,1
0.3875,0.6125,AMP,peptide_test_id215,1
0.35,0.65,AMP,peptide_test_id216,1
0.16875,0.83125,AMP,peptide_test_id217,1
0.49375,0.50625,AMP,peptide_test_id218,1
0.45,0.55,AMP,peptide_test_id219,1
0.6625,0.3375,nonAMP,peptide_test_id220,0
0.275,0.725,AMP,peptide_test_id221,1
0.3375,0.6625,AMP,peptide_test_id222,1
0.9125,0.0875,nonAMP,peptide_test_id223,0
0.85,0.15,nonAMP,peptide_test_id224,0
0.8375,0.1625,nonAMP,peptide_test_id225,0
0.225,0.775,AMP,peptide_test_id226,1
0.8875,0.1125,nonAMP,peptide_test_id227,0
0.05625,0.94375,AMP,peptide_test_id228,1
0.6875,0.3125,nonAMP,peptide_test_id229,0
0.6125,0.3875,nonAMP,peptide_test_id230,0
0.21875,0.78125,AMP,peptide_test_id231,1
0.2875,0.7125,AMP,peptide_test_id232,1
0.25,0.75,AMP,peptide_test_id233,1
0.56875,0.43125,nonAMP,peptide_test_id234,0
0.4375,0.5625,AMP,peptide_test_id235,1
0.25625,0.74375,AMP,peptide_test_id236,1
0.0,1.0,AMP,peptide_test_id237,1
0.06875,0.93125,AMP,peptide_test_id238,1
0.79375,0.20625,nonAMP,peptide_test_id239,0
0.525,0.475,nonAMP,peptide_test_id240,0
0.79375,0.20625,nonAMP,peptide_test_id241,0
0.45625,0.54375,AMP,peptide_test_id242,1
0.0375,0.9625,AMP,peptide_test_id243,1
0.5375,0.4625,nonAMP,peptide_test_id244,0
0.7,0.3,nonAMP,peptide_test_id245,0
0.425,0.575,AMP,peptide_test_id246,1
0.575,0.425,nonAMP,peptide_test_id247,0
0.175,0.825,AMP,peptide_test_id248,1
0.4625,0.5375,AMP,peptide_test_id249,1
0.10625,0.89375,AMP,peptide_test_id250,1
0.78125,0.21875,nonAMP,peptide_test_id251,0
0.63125,0.36875,nonAMP,peptide_test_id252,0
0.86875,0.13125,nonAMP,peptide_test_id253,0
0.0125,0.9875,AMP,peptide_test_id254,1
0.06875,0.93125,AMP,peptide_test_id255,1
0.18125,0.81875,AMP,peptide_test_id256,1
0.025,0.975,AMP,peptide_test_id257,1
0.5,0.5,nonAMP,peptide_test_id258,0
0.43125,0.56875,AMP,peptide_test_id259,1
0.775,0.225,nonAMP,peptide_test_id260,0
0.1625,0.8375,AMP,peptide_test_id261,1
0.3,0.7,AMP,peptide_test_id262,1
0.71875,0.28125,nonAMP,peptide_test_id263,0
0.025,0.975,AMP,peptide_test_id264,1
0.2625,0.7375,AMP,peptide_test_id265,1
0.48125,0.51875,AMP,peptide_test_id266,1
0.475,0.525,AMP,peptide_test_id267,1
0.05,0.95,AMP,peptide_test_id268,1
0.11875,0.88125,AMP,peptide_test_id269,1
0.0875,0.9125,AMP,peptide_test_id270,1
0.16875,0.83125,AMP,peptide_test_id271,1
0.875,0.125,nonAMP,peptide_test_id272,0
0.475,0.525,AMP,peptide_test_id273,1
0.49375,0.50625,AMP,peptide_test_id274,1
0.15,0.85,AMP,peptide_test_id275,1
0.6625,0.3375,nonAMP,peptide_test_id276,0
0.24375,0.75625,AMP,peptide_test_id277,1
0.48125,0.51875,AMP,peptide_test_id278,1
0.69375,0.30625,nonAMP,peptide_test_id279,0
0.5125,0.4875,nonAMP,peptide_test_id280,0
0.58125,0.41875,nonAMP,peptide_test_id281,0
0.575,0.425,nonAMP,peptide_test_id282,0
0.7875,0.2125,nonAMP,peptide_test_id283,0
0.5375,0.4625,nonAMP,peptide_test_id284,0
0.475,0.525,AMP,peptide_test_id285,1
0.43125,0.56875,AMP,peptide_test_id286,1
0.5125,0.4875,nonAMP,peptide_test_id287,0
0.31875,0.68125,AMP,peptide_test_id288,1
0.49375,0.50625,AMP,peptide_test_id289,1
0.2375,0.7625,AMP,peptide_test_id290,1
0.26875,0.73125,AMP,peptide_test_id291,1
0.80625,0.19375,nonAMP,peptide_test_id292,0
0.33125,0.66875,AMP,peptide_test_id293,1
0.8375,0.1625,nonAMP,peptide_test_id294,0
0.1625,0.8375,AMP,peptide_test_id295,1
0.2875,0.7125,AMP,peptide_test_id296,1
0.7625,0.2375,nonAMP,peptide_test_id297,0
0.81875,0.18125,nonAMP,peptide_test_id298,0
0.3625,0.6375,AMP,peptide_test_id299,1
0.675,0.325,nonAMP,peptide_test_id300,0
0.39375,0.60625,AMP,peptide_test_id301,1
0.1125,0.8875,AMP,peptide_test_id302,1
0.4375,0.5625,AMP,peptide_test_id303,1
0.85625,0.14375,nonAMP,peptide_test_id304,0
0.49375,0.50625,AMP,peptide_test_id305,1
0.5,0.5,nonAMP,peptide_test_id306,0
0.2375,0.7625,AMP,peptide_test_id307,1
0.41875,0.58125,AMP,peptide_test_id308,1
0.70625,0.29375,nonAMP,peptide_test_id309,0
0.80625,0.19375,nonAMP,peptide_test_id310,0
0.49375,0.50625,AMP,peptide_test_id311,1
0.15,0.85,AMP,peptide_test_id312,1
0.45625,0.54375,AMP,peptide_test_id313,1
0.525,0.475,nonAMP,peptide_test_id314,0
0.89375,0.10625,nonAMP,peptide_test_id315,0
0.35625,0.64375,AMP,peptide_test_id316,1
0.51875,0.48125,nonAMP,peptide_test_id317,0
0.40625,0.59375,AMP,peptide_test_id318,1
0.45625,0.54375,AMP,peptide_test_id319,1
0.28125,0.71875,AMP,peptide_test_id320,1
0.91875,0.08125,nonAMP,peptide_test_id321,0
0.9625,0.0375,nonAMP,peptide_test_id322,0
0.7875,0.2125,nonAMP,peptide_test_id323,0
0.75625,0.24375,nonAMP,peptide_test_id324,0
0.80625,0.19375,nonAMP,peptide_test_id325,0
0.85,0.15,nonAMP,peptide_test_id326,0
0.91875,0.08125,nonAMP,peptide_test_id327,0
0.46875,0.53125,AMP,peptide_test_id328,1
0.54375,0.45625,nonAMP,peptide_test_id329,0
0.30625,0.69375,AMP,peptide_test_id330,1
0.65625,0.34375,nonAMP,peptide_test_id331,0
0.54375,0.45625,nonAMP,peptide_test_id332,0
0.50625,0.49375,nonAMP,peptide_test_id333,0
0.05625,0.94375,AMP,peptide_test_id334,1
0.575,0.425,nonAMP,peptide_test_id335,0
0.11875,0.88125,AMP,peptide_test_id336,1
0.29375,0.70625,AMP,peptide_test_id337,1
0.01875,0.98125,AMP,peptide_test_id338,1
0.55,0.45,nonAMP,peptide_test_id339,0
0.1625,0.8375,AMP,peptide_test_id340,1
0.49375,0.50625,AMP,peptide_test_id341,1
0.75625,0.24375,nonAMP,peptide_test_id342,0
0.36875,0.63125,AMP,peptide_test_id343,1
0.05625,0.94375,AMP,peptide_test_id344,1
0.33125,0.66875,AMP,peptide_test_id345,1
0.0,1.0,AMP,peptide_test_id346,1
0.425,0.575,AMP,peptide_test_id347,1
0.78125,0.21875,nonAMP,peptide_test_id348,0
0.8375,0.1625,nonAMP,peptide_test_id349,0
0.81875,0.18125,nonAMP,peptide_test_id350,0
0.70625,0.29375,nonAMP,peptide_test_id351,0
0.25,0.75,AMP,peptide_test_id352,1
0.375,0.625,AMP,peptide_test_id353,1
0.53125,0.46875,nonAMP,peptide_test_id354,0
0.2625,0.7375,AMP,peptide_test_id355,1
0.95625,0.04375,nonAMP,peptide_test_id356,0
0.0875,0.9125,AMP,peptide_test_id357,1
0.30625,0.69375,AMP,peptide_test_id358,1
0.18125,0.81875,AMP,peptide_test_id359,1
0.3125,0.6875,AMP,peptide_test_id360,1
0.95,0.05,nonAMP,peptide_test_id361,0
0.64375,0.35625,nonAMP,peptide_test_id362,0
0.48125,0.51875,AMP,peptide_test_id363,1
0.63125,0.36875,nonAMP,peptide_test_id364,0
0.0875,0.9125,AMP,peptide_test_id365,1
0.775,0.225,nonAMP,peptide_test_id366,0
0.9125,0.0875,nonAMP,peptide_test_id367,0
0.23125,0.76875,AMP,peptide_test_id368,1
0.5625,0.4375,nonAMP,peptide_test_id369,0
0.46875,0.53125,AMP,peptide_test_id370,1
0.9375,0.0625,nonAMP,peptide_test_id371,0
0.775,0.225,nonAMP,peptide_test_id372,0
0.00625,0.99375,AMP,peptide_test_id373,1
0.74375,0.25625,nonAMP,peptide_test_id374,0
0.6125,0.3875,nonAMP,peptide_test_id375,0
0.05625,0.94375,AMP,peptide_test_id376,1
0.60625,0.39375,nonAMP,peptide_test_id377,0
0.20625,0.79375,AMP,peptide_test_id378,1
0.2375,0.7625,AMP,peptide_test_id379,1
0.40625,0.59375,AMP,peptide_test_id380,1
0.5875,0.4125,nonAMP,peptide_test_id381,0
0.66875,0.33125,nonAMP,peptide_test_id382,0
0.375,0.625,AMP,peptide_test_id383,1
0.61875,0.38125,nonAMP,peptide_test_id384,0
0.1625,0.8375,AMP,peptide_test_id385,1
0.73125,0.26875,nonAMP,peptide_test_id386,0
0.25,0.75,AMP,peptide_test_id387,1
0.45,0.55,AMP,peptide_test_id388,1
0.69375,0.30625,nonAMP,peptide_test_id389,0
0.51875,0.48125,nonAMP,peptide_test_id390,0
0.70625,0.29375,nonAMP,peptide_test_id391,0
0.25625,0.74375,AMP,peptide_test_id392,1
0.5625,0.4375,nonAMP,peptide_test_id393,0
0.69375,0.30625,nonAMP,peptide_test_id394,0
0.50625,0.49375,nonAMP,peptide_test_id395,0
0.025,0.975,AMP,peptide_test_id396,1
0.575,0.425,nonAMP,peptide_test_id397,0
0.60625,0.39375,nonAMP,peptide_test_id398,0
0.05625,0.94375,AMP,peptide_test_id399,1
0.64375,0.35625,nonAMP,peptide_test_id400,0
0.4375,0.5625,AMP,peptide_test_id401,1
0.55,0.45,nonAMP,peptide_test_id402,0
0.4375,0.5625,AMP,peptide_test_id403,1
0.3375,0.6625,AMP,peptide_test_id404,1
0.7125,0.2875,nonAMP,peptide_test_id405,0
0.48125,0.51875,AMP,peptide_test_id406,1
0.55,0.45,nonAMP,peptide_test_id407,0
0.5625,0.4375,nonAMP,peptide_test_id408,0
0.43125,0.56875,AMP,peptide_test_id409,1
0.64375,0.35625,nonAMP,peptide_test_id410,0
0.64375,0.35625,nonAMP,peptide_test_id411,0
0.6625,0.3375,nonAMP,peptide_test_id412,0
0.5375,0.4625,nonAMP,peptide_test_id413,0
0.60625,0.39375,nonAMP,peptide_test_id414,0
0.6625,0.3375,nonAMP,peptide_test_id415,0
0.73125,0.26875,nonAMP,peptide_test_id416,0
0.5,0.5,nonAMP,peptide_test_id417,0
0.34375,0.65625,AMP,peptide_test_id418,1
0.73125,0.26875,nonAMP,peptide_test_id419,0
0.00625,0.99375,AMP,peptide_test_id420,1
0.64375,0.35625,nonAMP,peptide_test_id421,0
0.6625,0.3375,nonAMP,peptide_test_id422,0
0.50625,0.49375,nonAMP,peptide_test_id423,0
0.41875,0.58125,AMP,peptide_test_id424,1
0.0,1.0,AMP,peptide_test_id425,1
0.55625,0.44375,nonAMP,peptide_test_id426,0
0.34375,0.65625,AMP,peptide_test_id427,1
0.3375,0.6625,AMP,peptide_test_id428,1
0.9125,0.0875,nonAMP,peptide_test_id429,0
0.73125,0.26875,nonAMP,peptide_test_id430,0
0.2625,0.7375,AMP,peptide_test_id431,1
0.46875,0.53125,AMP,peptide_test_id432,1
0.23125,0.76875,AMP,peptide_test_id433,1
0.68125,0.31875,nonAMP,peptide_test_id434,0
0.65,0.35,nonAMP,peptide_test_id435,0
0.625,0.375,nonAMP,peptide_test_id436,0
0.19375,0.80625,AMP,peptide_test_id437,1
0.51875,0.48125,nonAMP,peptide_test_id438,0
0.6875,0.3125,nonAMP,peptide_test_id439,0
0.7,0.3,nonAMP,peptide_test_id440,0
0.80625,0.19375,nonAMP,peptide_test_id441,0
0.775,0.225,nonAMP,peptide_test_id442,0
0.425,0.575,AMP,peptide_test_id443,1
0.6875,0.3125,nonAMP,peptide_test_id444,0
0.85,0.15,nonAMP,peptide_test_id445,0
0.30625,0.69375,AMP,peptide_test_id446,1
0.55625,0.44375,nonAMP,peptide_test_id447,0
0.44375,0.55625,AMP,peptide_test_id448,1
0.475,0.525,AMP,peptide_test_id449,1
0.775,0.225,nonAMP,peptide_test_id450,0
0.85625,0.14375,nonAMP,peptide_test_id451,0
0.5625,0.4375,nonAMP,peptide_test_id452,0
0.69375,0.30625,nonAMP,peptide_test_id453,0
0.40625,0.59375,AMP,peptide_test_id454,1
0.88125,0.11875,nonAMP,peptide_test_id455,0
0.61875,0.38125,nonAMP,peptide_test_id456,0
0.6,0.4,nonAMP,peptide_test_id457,0
0.3625,0.6375,AMP,peptide_test_id458,1
0.58125,0.41875,nonAMP,peptide_test_id459,0
0.58125,0.41875,nonAMP,peptide_test_id460,0
0.54375,0.45625,nonAMP,peptide_test_id461,0
0.5375,0.4625,nonAMP,peptide_test_id462,0
0.7875,0.2125,nonAMP,peptide_test_id463,0
0.8,0.2,nonAMP,peptide_test_id464,0
0.6375,0.3625,nonAMP,peptide_test_id465,0
0.4875,0.5125,AMP,peptide_test_id466,1
0.875,0.125,nonAMP,peptide_test_id467,0
0.675,0.325,nonAMP,peptide_test_id468,0
0.0625,0.9375,AMP,peptide_test_id469,1
0.1,0.9,AMP,peptide_test_id470,1
0.275,0.725,AMP,peptide_test_id471,1
0.60625,0.39375,nonAMP,peptide_test_id472,0
0.125,0.875,AMP,peptide_test_id473,1
0.35625,0.64375,AMP,peptide_test_id474,1
0.6625,0.3375,nonAMP,peptide_test_id475,0
0.4625,0.5375,AMP,peptide_test_id476,1
0.85,0.15,nonAMP,peptide_test_id477,0
0.48125,0.51875,AMP,peptide_test_id478,1
0.53125,0.46875,nonAMP,peptide_test_id479,0
0.43125,0.56875,AMP,peptide_test_id480,1
0.33125,0.66875,AMP,peptide_test_id481,1
0.225,0.775,AMP,peptide_test_id482,1
0.425,0.575,AMP,peptide_test_id483,1
0.95625,0.04375,nonAMP,peptide_test_id484,0
0.4375,0.5625,AMP,peptide_test_id485,1
0.44375,0.55625,AMP,peptide_test_id486,1
0.4375,0.5625,AMP,peptide_test_id487,1
0.825,0.175,nonAMP,peptide_test_id488,0
0.14375,0.85625,AMP,peptide_test_id489,1
0.69375,0.30625,nonAMP,peptide_test_id490,0
0.53125,0.46875,nonAMP,peptide_test_id491,0
0.04375,0.95625,AMP,peptide_test_id492,1
0.5375,0.4625,nonAMP,peptide_test_id493,0
0.74375,0.25625,nonAMP,peptide_test_id494,0
0.25625,0.74375,AMP,peptide_test_id495,1
0.29375,0.70625,AMP,peptide_test_id496,1
0.19375,0.80625,AMP,peptide_test_id497,1
0.35625,0.64375,AMP,peptide_test_id498,1
0.825,0.175,nonAMP,peptide_test_id499,0
0.40625,0.59375,AMP,peptide_test_id500,1
0.575,0.425,nonAMP,peptide_test_id501,0
0.15625,0.84375,AMP,peptide_test_id502,1
0.80625,0.19375,nonAMP,peptide_test_id503,0
0.3,0.7,AMP,peptide_test_id504,1
0.46875,0.53125,AMP,peptide_test_id505,1
0.23125,0.76875,AMP,peptide_test_id506,1
0.19375,0.80625,AMP,peptide_test_id507,1
0.6125,0.3875,nonAMP,peptide_test_id508,0
0.24375,0.75625,AMP,peptide_test_id509,1
0.1125,0.8875,AMP,peptide_test_id510,1
0.125,0.875,AMP,peptide_test_id511,1
0.30625,0.69375,AMP,peptide_test_id512,1
0.68125,0.31875,nonAMP,peptide_test_id513,0
0.30625,0.69375,AMP,peptide_test_id514,1
0.79375,0.20625,nonAMP,peptide_test_id515,0
0.6375,0.3625,nonAMP,peptide_test_id516,0
0.34375,0.65625,AMP,peptide_test_id517,1
0.775,0.225,nonAMP,peptide_test_id518,0
0.50625,0.49375,nonAMP,peptide_test_id519,0
0.5125,0.4875,nonAMP,peptide_test_id520,0
0.8875,0.1125,nonAMP,peptide_test_id521,0
0.55,0.45,nonAMP,peptide_test_id522,0
0.73125,0.26875,nonAMP,peptide_test_id523,0
0.70625,0.29375,nonAMP,peptide_test_id524,0
0.025,0.975,AMP,peptide_test_id525,1
0.26875,0.73125,AMP,peptide_test_id526,1
0.20625,0.79375,AMP,peptide_test_id527,1
0.50625,0.49375,nonAMP,peptide_test_id528,0
0.325,0.675,AMP,peptide_test_id529,1
0.775,0.225,nonAMP,peptide_test_id530,0
0.51875,0.48125,nonAMP,peptide_test_id531,0
0.2,0.8,AMP,peptide_test_id532,1
0.1,0.9,AMP,peptide_test_id533,1
0.18125,0.81875,AMP,peptide_test_id534,1
0.4125,0.5875,AMP,peptide_test_id535,1
0.475,0.525,AMP,peptide_test_id536,1
0.35,0.65,AMP,peptide_test_id537,1
0.6,0.4,nonAMP,peptide_test_id538,0
0.74375,0.25625,nonAMP,peptide_test_id539,0
0.70625,0.29375,nonAMP,peptide_test_id540,0
0.4875,0.5125,AMP,peptide_test_id541,1
0.3875,0.6125,AMP,peptide_test_id542,1
0.6125,0.3875,nonAMP,peptide_test_id543,0
0.45625,0.54375,AMP,peptide_test_id544,1
0.74375,0.25625,nonAMP,peptide_test_id545,0
0.0875,0.9125,AMP,peptide_test_id546,1
0.36875,0.63125,AMP,peptide_test_id547,1
0.58125,0.41875,nonAMP,peptide_test_id548,0
0.8875,0.1125,nonAMP,peptide_test_id549,0
0.71875,0.28125,nonAMP,peptide_test_id550,0
0.05,0.95,AMP,peptide_test_id551,1
0.4375,0.5625,AMP,peptide_test_id552,1
0.56875,0.43125,nonAMP,peptide_test_id553,0
0.24375,0.75625,AMP,peptide_test_id554,1
0.225,0.775,AMP,peptide_test_id555,1
0.5,0.5,nonAMP,peptide_test_id556,0
0.50625,0.49375,nonAMP,peptide_test_id557,0
0.69375,0.30625,nonAMP,peptide_test_id558,0
0.575,0.425,nonAMP,peptide_test_id559,0
0.5375,0.4625,nonAMP,peptide_test_id560,0
0.2125,0.7875,AMP,peptide_test_id561,1
0.2875,0.7125,AMP,peptide_test_id562,1
0.6125,0.3875,nonAMP,peptide_test_id563,0
0.9,0.1,nonAMP,peptide_test_id564,0
0.2875,0.7125,AMP,peptide_test_id565,1
0.01875,0.98125,AMP,peptide_test_id566,1
0.275,0.725,AMP,peptide_test_id567,1
0.9125,0.0875,nonAMP,peptide_test_id568,0
0.85625,0.14375,nonAMP,peptide_test_id569,0
0.21875,0.78125,AMP,peptide_test_id570,1
0.475,0.525,AMP,peptide_test_id571,1
0.6625,0.3375,nonAMP,peptide_test_id572,0
0.38125,0.61875,AMP,peptide_test_id573,1
0.86875,0.13125,nonAMP,peptide_test_id574,0
0.54375,0.45625,nonAMP,peptide_test_id575,0
0.84375,0.15625,nonAMP,peptide_test_id576,0
0.35,0.65,AMP,peptide_test_id577,1
0.9125,0.0875,nonAMP,peptide_test_id578,0
0.575,0.425,nonAMP,peptide_test_id579,0
0.3125,0.6875,AMP,peptide_test_id580,1
0.81875,0.18125,nonAMP,peptide_test_id581,0
0.1875,0.8125,AMP,peptide_test_id582,1
0.3875,0.6125,AMP,peptide_test_id583,1
0.775,0.225,nonAMP,peptide_test_id584,0
0.5125,0.4875,nonAMP,peptide_test_id585,0
0.84375,0.15625,nonAMP,peptide_test_id586,0
0.7375,0.2625,nonAMP,peptide_test_id587,0
0.65625,0.34375,nonAMP,peptide_test_id588,0
0.6,0.4,nonAMP,peptide_test_id589,0
0.66875,0.33125,nonAMP,peptide_test_id590,0
0.26875,0.73125,AMP,peptide_test_id591,1
0.31875,0.68125,AMP,peptide_test_id592,1
0.2125,0.7875,AMP,peptide_test_id593,1
0.55,0.45,nonAMP,peptide_test_id594,0
0.34375,0.65625,AMP,peptide_test_id595,1
0.00625,0.99375,AMP,peptide_test_id596,1
0.40625,0.59375,AMP,peptide_test_id597,1
0.7125,0.2875,nonAMP,peptide_test_id598,0
0.44375,0.55625,AMP,peptide_test_id599,1
0.58125,0.41875,nonAMP,peptide_test_id600,0
0.41875,0.58125,AMP,peptide_test_id601,1
0.7,0.3,nonAMP,peptide_test_id602,0
0.6375,0.3625,nonAMP,peptide_test_id603,0
0.15625,0.84375,AMP,peptide_test_id604,1
0.3625,0.6375,AMP,peptide_test_id605,1
0.56875,0.43125,nonAMP,peptide_test_id606,0
0.43125,0.56875,AMP,peptide_test_id607,1
0.1375,0.8625,AMP,peptide_test_id608,1
0.9125,0.0875,nonAMP,peptide_test_id609,0
0.15,0.85,AMP,peptide_test_id610,1
0.8125,0.1875,nonAMP,peptide_test_id611,0
0.075,0.925,AMP,peptide_test_id612,1
0.03125,0.96875,AMP,peptide_test_id613,1
0.8375,0.1625,nonAMP,peptide_test_id614,0
0.54375,0.45625,nonAMP,peptide_test_id615,0
0.275,0.725,AMP,peptide_test_id616,1
0.55,0.45,nonAMP,peptide_test_id617,0
0.3125,0.6875,AMP,peptide_test_id618,1
0.73125,0.26875,nonAMP,peptide_test_id619,0
0.0125,0.9875,AMP,peptide_test_id620,1
0.04375,0.95625,AMP,peptide_test_id621,1
0.325,0.675,AMP,peptide_test_id622,1
0.225,0.775,AMP,peptide_test_id623,1
0.6875,0.3125,nonAMP,peptide_test_id624,0
0.78125,0.21875,nonAMP,peptide_test_id625,0
0.775,0.225,nonAMP,peptide_test_id626,0
0.6375,0.3625,nonAMP,peptide_test_id627,0
0.5875,0.4125,nonAMP,peptide_test_id628,0
0.80625,0.19375,nonAMP,peptide_test_id629,0
0.025,0.975,AMP,peptide_test_id630,1
0.23125,0.76875,AMP,peptide_test_id631,1
0.21875,0.78125,AMP,peptide_test_id632,1
0.89375,0.10625,nonAMP,peptide_test_id633,0
0.59375,0.40625,nonAMP,peptide_test_id634,0
0.575,0.425,nonAMP,peptide_test_id635,0
0.55625,0.44375,nonAMP,peptide_test_id636,0
0.35625,0.64375,AMP,peptide_test_id637,1
0.26875,0.73125,AMP,peptide_test_id638,1
0.30625,0.69375,AMP,peptide_test_id639,1
0.6125,0.3875,nonAMP,peptide_test_id640,0
0.75625,0.24375,nonAMP,peptide_test_id641,0
0.81875,0.18125,nonAMP,peptide_test_id642,0
0.89375,0.10625,nonAMP,peptide_test_id643,0
0.11875,0.88125,AMP,peptide_test_id644,1
0.41875,0.58125,AMP,peptide_test_id645,1
0.05,0.95,AMP,peptide_test_id646,1
0.33125,0.66875,AMP,peptide_test_id647,1
0.8,0.2,nonAMP,peptide_test_id648,0
0.875,0.125,nonAMP,peptide_test_id649,0
0.10625,0.89375,AMP,peptide_test_id650,1
0.40625,0.59375,AMP,peptide_test_id651,1
0.53125,0.46875,nonAMP,peptide_test_id652,0
0.525,0.475,nonAMP,peptide_test_id653,0
0.06875,0.93125,AMP,peptide_test_id654,1
0.825,0.175,nonAMP,peptide_test_id655,0
0.85625,0.14375,nonAMP,peptide_test_id656,0
0.825,0.175,nonAMP,peptide_test_id657,0
0.81875,0.18125,nonAMP,peptide_test_id658,0
0.23125,0.76875,AMP,peptide_test_id659,1
0.53125,0.46875,nonAMP,peptide_test_id660,0
0.55625,0.44375,nonAMP,peptide_test_id661,0
0.28125,0.71875,AMP,peptide_test_id662,1
0.65625,0.34375,nonAMP,peptide_test_id663,0
0.26875,0.73125,AMP,peptide_test_id664,1
0.55625,0.44375,nonAMP,peptide_test_id665,0
0.9375,0.0625,nonAMP,peptide_test_id666,0
0.45,0.55,AMP,peptide_test_id667,1
0.76875,0.23125,nonAMP,peptide_test_id668,0
0.58125,0.41875,nonAMP,peptide_test_id669,0
0.125,0.875,AMP,peptide_test_id670,1
0.56875,0.43125,nonAMP,peptide_test_id671,0
0.6125,0.3875,nonAMP,peptide_test_id672,0
0.28125,0.71875,AMP,peptide_test_id673,1
0.79375,0.20625,nonAMP,peptide_test_id674,0
0.09375,0.90625,AMP,peptide_test_id675,1
0.725,0.275,nonAMP,peptide_test_id676,0
0.33125,0.66875,AMP,peptide_test_id677,1
0.1625,0.8375,AMP,peptide_test_id678,1
0.91875,0.08125,nonAMP,peptide_test_id679,0
0.5375,0.4625,nonAMP,peptide_test_id680,0
0.475,0.525,AMP,peptide_test_id681,1
0.64375,0.35625,nonAMP,peptide_test_id682,0
0.025,0.975,AMP,peptide_test_id683,1
0.9,0.1,nonAMP,peptide_test_id684,0
0.66875,0.33125,nonAMP,peptide_test_id685,0
0.7,0.3,nonAMP,peptide_test_id686,0
0.1125,0.8875,AMP,peptide_test_id687,1
0.01875,0.98125,AMP,peptide_test_id688,1
0.48125,0.51875,AMP,peptide_test_id689,1
0.0625,0.9375,AMP,peptide_test_id690,1
0.43125,0.56875,AMP,peptide_test_id691,1
0.65,0.35,nonAMP,peptide_test_id692,0
0.9625,0.0375,nonAMP,peptide_test_id693,0
0.15625,0.84375,AMP,peptide_test_id694,1
0.00625,0.99375,AMP,peptide_test_id695,1
0.69375,0.30625,nonAMP,peptide_test_id696,0
0.0375,0.9625,AMP,peptide_test_id697,1
0.5,0.5,nonAMP,peptide_test_id698,0
0.06875,0.93125,AMP,peptide_test_id699,1
0.50625,0.49375,nonAMP,peptide_test_id700,0
0.91875,0.08125,nonAMP,peptide_test_id701,0
0.925,0.075,nonAMP,peptide_test_id702,0
0.5,0.5,nonAMP,peptide_test_id703,0
0.55,0.45,nonAMP,peptide_test_id704,0
0.74375,0.25625,nonAMP,peptide_test_id705,0
0.33125,0.66875,AMP,peptide_test_id706,1
0.1875,0.8125,AMP,peptide_test_id707,1
0.66875,0.33125,nonAMP,peptide_test_id708,0
0.09375,0.90625,AMP,peptide_test_id709,1
0.46875,0.53125,AMP,peptide_test_id710,1
0.65625,0.34375,nonAMP,peptide_test_id711,0
0.0875,0.9125,AMP,peptide_test_id712,1
0.94375,0.05625,nonAMP,peptide_test_id713,0
0.7875,0.2125,nonAMP,peptide_test_id714,0
0.55,0.45,nonAMP,peptide_test_id715,0
0.73125,0.26875,nonAMP,peptide_test_id716,0
0.3625,0.6375,AMP,peptide_test_id717,1
0.41875,0.58125,AMP,peptide_test_id718,1
0.35625,0.64375,AMP,peptide_test_id719,1
0.0,1.0,AMP,peptide_test_id720,1
0.15625,0.84375,AMP,peptide_test_id721,1
0.075,0.925,AMP,peptide_test_id722,1
0.43125,0.56875,AMP,peptide_test_id723,1
0.81875,0.18125,nonAMP,peptide_test_id724,0
0.225,0.775,AMP,peptide_test_id725,1
0.9875,0.0125,nonAMP,peptide_test_id726,0
0.0375,0.9625,AMP,peptide_test_id727,1
0.25,0.75,AMP,peptide_test_id728,1
0.63125,0.36875,nonAMP,peptide_test_id729,0
0.45625,0.54375,AMP,peptide_test_id730,1
0.21875,0.78125,AMP,peptide_test_id731,1
0.7,0.3,nonAMP,peptide_test_id732,0
0.0,1.0,AMP,peptide_test_id733,1
0.3375,0.6625,AMP,peptide_test_id734,1
0.375,0.625,AMP,peptide_test_id735,1
0.21875,0.78125,AMP,peptide_test_id736,1
0.84375,0.15625,nonAMP,peptide_test_id737,0
0.40625,0.59375,AMP,peptide_test_id738,1
0.0,1.0,AMP,peptide_test_id739,1
0.5875,0.4125,nonAMP,peptide_test_id740,0
0.6,0.4,nonAMP,peptide_test_id741,0
0.31875,0.68125,AMP,peptide_test_id742,1
0.85625,0.14375,nonAMP,peptide_test_id743,0
0.65625,0.34375,nonAMP,peptide_test_id744,0
0.0375,0.9625,AMP,peptide_test_id745,1
0.85,0.15,nonAMP,peptide_test_id746,0
0.81875,0.18125,nonAMP,peptide_test_id747,0
0.68125,0.31875,nonAMP,peptide_test_id748,0
0.9125,0.0875,nonAMP,peptide_test_id749,0
0.525,0.475,nonAMP,peptide_test_id750,0
0.4625,0.5375,AMP,peptide_test_id751,1
0.78125,0.21875,nonAMP,peptide_test_id752,0
0.5125,0.4875,nonAMP,peptide_test_id753,0
0.5375,0.4625,nonAMP,peptide_test_id754,0
0.8875,0.1125,nonAMP,peptide_test_id755,0
0.54375,0.45625,nonAMP,peptide_test_id756,0
0.7125,0.2875,nonAMP,peptide_test_id757,0
0.9125,0.0875,nonAMP,peptide_test_id758,0
0.8625,0.1375,nonAMP,peptide_test_id759,0
0.58125,0.41875,nonAMP,peptide_test_id760,0
0.29375,0.70625,AMP,peptide_test_id761,1
0.09375,0.90625,AMP,peptide_test_id762,1
0.66875,0.33125,nonAMP,peptide_test_id763,0
0.50625,0.49375,nonAMP,peptide_test_id764,0
0.49375,0.50625,AMP,peptide_test_id765,1
0.58125,0.41875,nonAMP,peptide_test_id766,0
0.94375,0.05625,nonAMP,peptide_test_id767,0
0.93125,0.06875,nonAMP,peptide_test_id768,0
0.5625,0.4375,nonAMP,peptide_test_id769,0
0.2375,0.7625,AMP,peptide_test_id770,1
0.825,0.175,nonAMP,peptide_test_id771,0
0.64375,0.35625,nonAMP,peptide_test_id772,0
0.68125,0.31875,nonAMP,peptide_test_id773,0
0.9125,0.0875,nonAMP,peptide_test_id774,0
0.2625,0.7375,AMP,peptide_test_id775,1
0.425,0.575,AMP,peptide_test_id776,1
0.2375,0.7625,AMP,peptide_test_id777,1
0.33125,0.66875,AMP,peptide_test_id778,1
0.44375,0.55625,AMP,peptide_test_id779,1
0.54375,0.45625,nonAMP,peptide_test_id780,0
0.71875,0.28125,nonAMP,peptide_test_id781,0
0.39375,0.60625,AMP,peptide_test_id782,1
0.86875,0.13125,nonAMP,peptide_test_id783,0
0.45625,0.54375,AMP,peptide_test_id784,1
0.18125,0.81875,AMP,peptide_test_id785,1
0.5125,0.4875,nonAMP,peptide_test_id786,0
0.6125,0.3875,nonAMP,peptide_test_id787,0
0.875,0.125,nonAMP,peptide_test_id788,0
0.7625,0.2375,nonAMP,peptide_test_id789,0
0.1,0.9,AMP,peptide_test_id790,1
0.49375,0.50625,AMP,peptide_test_id791,1
0.0375,0.9625,AMP,peptide_test_id792,1
0.8125,0.1875,nonAMP,peptide_test_id793,0
0.4875,0.5125,AMP,peptide_test_id794,1
0.6875,0.3125,nonAMP,peptide_test_id795,0
0.2625,0.7375,AMP,peptide_test_id796,1
0.45,0.55,AMP,peptide_test_id797,1
0.7125,0.2875,nonAMP,peptide_test_id798,0
0.95,0.05,nonAMP,peptide_test_id799,0
0.41875,0.58125,AMP,peptide_test_id800,1
0.5125,0.4875,nonAMP,peptide_test_id801,0
0.475,0.525,AMP,peptide_test_id802,1
0.3125,0.6875,AMP,peptide_test_id803,1
0.5375,0.4625,nonAMP,peptide_test_id804,0
0.4,0.6,AMP,peptide_test_id805,1
0.7125,0.2875,nonAMP,peptide_test_id806,0
0.43125,0.56875,AMP,peptide_test_id807,1
0.44375,0.55625,AMP,peptide_test_id808,1
0.1125,0.8875,AMP,peptide_test_id809,1
0.93125,0.06875,nonAMP,peptide_test_id810,0
0.00625,0.99375,AMP,peptide_test_id811,1
0.7,0.3,nonAMP,peptide_test_id812,0
0.425,0.575,AMP,peptide_test_id813,1
0.4875,0.5125,AMP,peptide_test_id814,1
0.83125,0.16875,nonAMP,peptide_test_id815,0
0.6375,0.3625,nonAMP,peptide_test_id816,0
0.03125,0.96875,AMP,peptide_test_id817,1
0.03125,0.96875,AMP,peptide_test_id818,1
0.53125,0.46875,nonAMP,peptide_test_id819,0
0.10625,0.89375,AMP,peptide_test_id820,1
0.4125,0.5875,AMP,peptide_test_id821,1
0.6,0.4,nonAMP,peptide_test_id822,0
0.01875,0.98125,AMP,peptide_test_id823,1
0.5375,0.4625,nonAMP,peptide_test_id824,0
0.75,0.25,nonAMP,peptide_test_id825,0
0.475,0.525,AMP,peptide_test_id826,1
0.425,0.575,AMP,peptide_test_id827,1
0.29375,0.70625,AMP,peptide_test_id828,1
0.13125,0.86875,AMP,peptide_test_id829,1
0.16875,0.83125,AMP,peptide_test_id830,1
0.85,0.15,nonAMP,peptide_test_id831,0
0.16875,0.83125,AMP,peptide_test_id832,1
0.05625,0.94375,AMP,peptide_test_id833,1
0.41875,0.58125,AMP,peptide_test_id834,1
0.94375,0.05625,nonAMP,peptide_test_id835,0
0.73125,0.26875,nonAMP,peptide_test_id836,0
0.325,0.675,AMP,peptide_test_id837,1
0.86875,0.13125,nonAMP,peptide_test_id838,0
0.84375,0.15625,nonAMP,peptide_test_id839,0
0.49375,0.50625,AMP,peptide_test_id840,1
0.75625,0.24375,nonAMP,peptide_test_id841,0
0.01875,0.98125,AMP,peptide_test_id842,1
0.46875,0.53125,AMP,peptide_test_id843,1
0.89375,0.10625,nonAMP,peptide_test_id844,0
0.63125,0.36875,nonAMP,peptide_test_id845,0
0.01875,0.98125,AMP,peptide_test_id846,1
0.49375,0.50625,AMP,peptide_test_id847,1
0.14375,0.85625,AMP,peptide_test_id848,1
0.19375,0.80625,AMP,peptide_test_id849,1
0.775,0.225,nonAMP,peptide_test_id850,0
0.79375,0.20625,nonAMP,peptide_test_id851,0
0.8,0.2,nonAMP,peptide_test_id852,0
0.525,0.475,nonAMP,peptide_test_id853,0
0.3375,0.6625,AMP,peptide_test_id854,1
0.54375,0.45625,nonAMP,peptide_test_id855,0
0.6,0.4,nonAMP,peptide_test_id856,0
0.15,0.85,AMP,peptide_test_id857,1
0.4625,0.5375,AMP,peptide_test_id858,1
0.73125,0.26875,nonAMP,peptide_test_id859,0
0.2875,0.7125,AMP,peptide_test_id860,1
0.85,0.15,nonAMP,peptide_test_id861,0
0.8875,0.1125,nonAMP,peptide_test_id862,0
0.6125,0.3875,nonAMP,peptide_test_id863,0
0.06875,0.93125,AMP,peptide_test_id864,1
0.45625,0.54375,AMP,peptide_test_id865,1
0.025,0.975,AMP,peptide_test_id866,1
0.06875,0.93125,AMP,peptide_test_id867,1
0.73125,0.26875,nonAMP,peptide_test_id868,0
0.83125,0.16875,nonAMP,peptide_test_id869,0
0.325,0.675,AMP,peptide_test_id870,1
0.08125,0.91875,AMP,peptide_test_id871,1
0.30625,0.69375,AMP,peptide_test_id872,1
0.29375,0.70625,AMP,peptide_test_id873,1
0.04375,0.95625,AMP,peptide_test_id874,1
0.5875,0.4125,nonAMP,peptide_test_id875,0
0.85625,0.14375,nonAMP,peptide_test_id876,0
0.6125,0.3875,nonAMP,peptide_test_id877,0
0.30625,0.69375,AMP,peptide_test_id878,1
0.3125,0.6875,AMP,peptide_test_id879,1
0.475,0.525,AMP,peptide_test_id880,1
0.24375,0.75625,AMP,peptide_test_id881,1
0.73125,0.26875,nonAMP,peptide_test_id882,0
0.69375,0.30625,nonAMP,peptide_test_id883,0
0.1625,0.8375,AMP,peptide_test_id884,1
0.71875,0.28125,nonAMP,peptide_test_id885,0
0.01875,0.98125,AMP,peptide_test_id886,1
0.4375,0.5625,AMP,peptide_test_id887,1
0.1625,0.8375,AMP,peptide_test_id888,1
0.6375,0.3625,nonAMP,peptide_test_id889,0
0.01875,0.98125,AMP,peptide_test_id890,1
0.0,1.0,AMP,peptide_test_id891,1
0.3875,0.6125,AMP,peptide_test_id892,1
0.00625,0.99375,AMP,peptide_test_id893,1
0.825,0.175,nonAMP,peptide_test_id894,0
0.48125,0.51875,AMP,peptide_test_id895,1
0.7625,0.2375,nonAMP,peptide_test_id896,0
0.25625,0.74375,AMP,peptide_test_id897,1
0.26875,0.73125,AMP,peptide_test_id898,1
0.3625,0.6375,AMP,peptide_test_id899,1
0.21875,0.78125,AMP,peptide_test_id900,1
0.28125,0.71875,AMP,peptide_test_id901,1
0.8625,0.1375,nonAMP,peptide_test_id902,0
0.40625,0.59375,AMP,peptide_test_id903,1
0.76875,0.23125,nonAMP,peptide_test_id904,0
0.46875,0.53125,AMP,peptide_test_id905,1
0.8625,0.1375,nonAMP,peptide_test_id906,0
0.18125,0.81875,AMP,peptide_test_id907,1
0.18125,0.81875,AMP,peptide_test_id908,1
0.36875,0.63125,AMP,peptide_test_id909,1
0.8,0.2,nonAMP,peptide_test_id910,0
0.5875,0.4125,nonAMP,peptide_test_id911,0
0.5625,0.4375,nonAMP,peptide_test_id912,0
0.76875,0.23125,nonAMP,peptide_test_id913,0
0.1875,0.8125,AMP,peptide_test_id914,1
0.975,0.025,nonAMP,peptide_test_id915,0
0.59375,0.40625,nonAMP,peptide_test_id916,0
0.29375,0.70625,AMP,peptide_test_id917,1
0.81875,0.18125,nonAMP,peptide_test_id918,0
0.9625,0.0375,nonAMP,peptide_test_id919,0
0.825,0.175,nonAMP,peptide_test_id920,0
0.9375,0.0625,nonAMP,peptide_test_id921,0
0.775,0.225,nonAMP,peptide_test_id922,0
0.13125,0.86875,AMP,peptide_test_id923,1
0.44375,0.55625,AMP,peptide_test_id924,1
0.29375,0.70625,AMP,peptide_test_id925,1
0.8125,0.1875,nonAMP,peptide_test_id926,0
0.68125,0.31875,nonAMP,peptide_test_id927,0
0.70625,0.29375,nonAMP,peptide_test_id928,0
0.60625,0.39375,nonAMP,peptide_test_id929,0
0.0125,0.9875,AMP,peptide_test_id930,1
0.56875,0.43125,nonAMP,peptide_test_id931,0
0.675,0.325,nonAMP,peptide_test_id932,0
0.1375,0.8625,AMP,peptide_test_id933,1
0.91875,0.08125,nonAMP,peptide_test_id934,0
0.59375,0.40625,nonAMP,peptide_test_id935,0
0.80625,0.19375,nonAMP,peptide_test_id936,0
0.5625,0.4375,nonAMP,peptide_test_id937,0
0.10625,0.89375,AMP,peptide_test_id938,1
0.06875,0.93125,AMP,peptide_test_id939,1
0.30625,0.69375,AMP,peptide_test_id940,1
0.5625,0.4375,nonAMP,peptide_test_id941,0
0.6875,0.3125,nonAMP,peptide_test_id942,0
0.06875,0.93125,AMP,peptide_test_id943,1
0.4875,0.5125,AMP,peptide_test_id944,1
0.575,0.425,nonAMP,peptide_test_id945,0
0.675,0.325,nonAMP,peptide_test_id946,0
0.625,0.375,nonAMP,peptide_test_id947,0
0.88125,0.11875,nonAMP,peptide_test_id948,0
0.075,0.925,AMP,peptide_test_id949,1
0.34375,0.65625,AMP,peptide_test_id950,1
0.50625,0.49375,nonAMP,peptide_test_id951,0
0.5625,0.4375,nonAMP,peptide_test_id952,0
0.1625,0.8375,AMP,peptide_test_id953,1
0.61875,0.38125,nonAMP,peptide_test_id954,0
0.95625,0.04375,nonAMP,peptide_test_id955,0
0.56875,0.43125,nonAMP,peptide_test_id956,0
0.23125,0.76875,AMP,peptide_test_id957,1
0.7625,0.2375,nonAMP,peptide_test_id958,0
0.8625,0.1375,nonAMP,peptide_test_id959,0
0.51875,0.48125,nonAMP,peptide_test_id960,0
0.1,0.9,AMP,peptide_test_id961,1
0.70625,0.29375,nonAMP,peptide_test_id962,0
0.34375,0.65625,AMP,peptide_test_id963,1
0.7,0.3,nonAMP,peptide_test_id964,0
0.875,0.125,nonAMP,peptide_test_id965,0
0.2625,0.7375,AMP,peptide_test_id966,1
0.80625,0.19375,nonAMP,peptide_test_id967,0
0.65,0.35,nonAMP,peptide_test_id968,0
0.0,1.0,AMP,peptide_test_id969,1
0.6625,0.3375,nonAMP,peptide_test_id970,0
0.38125,0.61875,AMP,peptide_test_id971,1
0.125,0.875,AMP,peptide_test_id972,1
0.5,0.5,nonAMP,peptide_test_id973,0
0.7375,0.2625,nonAMP,peptide_test_id974,0
0.39375,0.60625,AMP,peptide_test_id975,1
0.83125,0.16875,nonAMP,peptide_test_id976,0
0.975,0.025,nonAMP,peptide_test_id977,0
0.1625,0.8375,AMP,peptide_test_id978,1
0.0,1.0,AMP,peptide_test_id979,1
0.45,0.55,AMP,peptide_test_id980,1
0.4125,0.5875,AMP,peptide_test_id981,1
0.89375,0.10625,nonAMP,peptide_test_id982,0
0.7375,0.2625,nonAMP,peptide_test_id983,0
0.86875,0.13125,nonAMP,peptide_test_id984,0
0.875,0.125,nonAMP,peptide_test_id985,0
0.69375,0.30625,nonAMP,peptide_test_id986,0
0.83125,0.16875,nonAMP,peptide_test_id987,0
0.14375,0.85625,AMP,peptide_test_id988,1
0.89375,0.10625,nonAMP,peptide_test_id989,0
0.38125,0.61875,AMP,peptide_test_id990,1
0.675,0.325,nonAMP,peptide_test_id991,0
0.23125,0.76875,AMP,peptide_test_id992,1
0.20625,0.79375,AMP,peptide_test_id993,1
0.65,0.35,nonAMP,peptide_test_id994,0
0.9,0.1,nonAMP,peptide_test_id995,0
0.54375,0.45625,nonAMP,peptide_test_id996,0
0.88125,0.11875,nonAMP,peptide_test_id997,0
0.35625,0.64375,AMP,peptide_test_id998,1
0.7,0.3,nonAMP,peptide_test_id999,0
0.3,0.7,AMP,peptide_test_id1000,1
0.35,0.65,AMP,peptide_test_id1001,1
0.325,0.675,AMP,peptide_test_id1002,1
0.925,0.075,nonAMP,peptide_test_id1003,0
0.35625,0.64375,AMP,peptide_test_id1004,1
0.69375,0.30625,nonAMP,peptide_test_id1005,0
0.49375,0.50625,AMP,peptide_test_id1006,1
0.225,0.775,AMP,peptide_test_id1007,1
0.08125,0.91875,AMP,peptide_test_id1008,1
0.68125,0.31875,nonAMP,peptide_test_id1009,0
0.36875,0.63125,AMP,peptide_test_id1010,1
0.5125,0.4875,nonAMP,peptide_test_id1011,0
0.08125,0.91875,AMP,peptide_test_id1012,1
0.5125,0.4875,nonAMP,peptide_test_id1013,0
0.71875,0.28125,nonAMP,peptide_test_id1014,0
0.25625,0.74375,AMP,peptide_test_id1015,1
0.88125,0.11875,nonAMP,peptide_test_id1016,0
0.78125,0.21875,nonAMP,peptide_test_id1017,0
0.83125,0.16875,nonAMP,peptide_test_id1018,0
0.0625,0.9375,AMP,peptide_test_id1019,1
0.0125,0.9875,AMP,peptide_test_id1020,1
0.4375,0.5625,AMP,peptide_test_id1021,1
0.69375,0.30625,nonAMP,peptide_test_id1022,0
0.04375,0.95625,AMP,peptide_test_id1023,1
0.49375,0.50625,AMP,peptide_test_id1024,1
0.7375,0.2625,nonAMP,peptide_test_id1025,0
0.525,0.475,nonAMP,peptide_test_id1026,0
0.78125,0.21875,nonAMP,peptide_test_id1027,0
0.7125,0.2875,nonAMP,peptide_test_id1028,0
0.9,0.1,nonAMP,peptide_test_id1029,0
0.6,0.4,nonAMP,peptide_test_id1030,0
0.18125,0.81875,AMP,peptide_test_id1031,1
0.55,0.45,nonAMP,peptide_test_id1032,0
0.61875,0.38125,nonAMP,peptide_test_id1033,0
0.5125,0.4875,nonAMP,peptide_test_id1034,0
0.14375,0.85625,AMP,peptide_test_id1035,1
0.90625,0.09375,nonAMP,peptide_test_id1036,0
0.49375,0.50625,AMP,peptide_test_id1037,1
0.19375,0.80625,AMP,peptide_test_id1038,1
0.95,0.05,nonAMP,peptide_test_id1039,0
0.25,0.75,AMP,peptide_test_id1040,1
0.85625,0.14375,nonAMP,peptide_test_id1041,0
0.625,0.375,nonAMP,peptide_test_id1042,0
0.59375,0.40625,nonAMP,peptide_test_id1043,0
0.525,0.475,nonAMP,peptide_test_id1044,0
0.29375,0.70625,AMP,peptide_test_id1045,1
0.54375,0.45625,nonAMP,peptide_test_id1046,0
0.05,0.95,AMP,peptide_test_id1047,1
0.53125,0.46875,nonAMP,peptide_test_id1048,0
0.1875,0.8125,AMP,peptide_test_id1049,1
0.05625,0.94375,AMP,peptide_test_id1050,1
0.93125,0.06875,nonAMP,peptide_test_id1051,0
0.66875,0.33125,nonAMP,peptide_test_id1052,0
0.625,0.375,nonAMP,peptide_test_id1053,0
0.7625,0.2375,nonAMP,peptide_test_id1054,0
0.98125,0.01875,nonAMP,peptide_test_id1055,0
0.58125,0.41875,nonAMP,peptide_test_id1056,0
0.6,0.4,nonAMP,peptide_test_id1057,0
0.65625,0.34375,nonAMP,peptide_test_id1058,0
0.58125,0.41875,nonAMP,peptide_test_id1059,0
0.725,0.275,nonAMP,peptide_test_id1060,0
0.50625,0.49375,nonAMP,peptide_test_id1061,0
0.51875,0.48125,nonAMP,peptide_test_id1062,0
0.7125,0.2875,nonAMP,peptide_test_id1063,0
0.5375,0.4625,nonAMP,peptide_test_id1064,0
0.01875,0.98125,AMP,peptide_test_id1065,1
0.6,0.4,nonAMP,peptide_test_id1066,0
0.74375,0.25625,nonAMP,peptide_test_id1067,0
0.56875,0.43125,nonAMP,peptide_test_id1068,0
0.1,0.9,AMP,peptide_test_id1069,1
0.8125,0.1875,nonAMP,peptide_test_id1070,0
0.375,0.625,AMP,peptide_test_id1071,1
0.2625,0.7375,AMP,peptide_test_id1072,1
0.575,0.425,nonAMP,peptide_test_id1073,0
0.775,0.225,nonAMP,peptide_test_id1074,0
0.1875,0.8125,AMP,peptide_test_id1075,1
0.53125,0.46875,nonAMP,peptide_test_id1076,0
0.65,0.35,nonAMP,peptide_test_id1077,0
0.81875,0.18125,nonAMP,peptide_test_id1078,0
0.10625,0.89375,AMP,peptide_test_id1079,1
0.48125,0.51875,AMP,peptide_test_id1080,1
0.325,0.675,AMP,peptide_test_id1081,1
0.6625,0.3375,nonAMP,peptide_test_id1082,0
0.5,0.5,nonAMP,peptide_test_id1083,0
0.55,0.45,nonAMP,peptide_test_id1084,0
0.78125,0.21875,nonAMP,peptide_test_id1085,0
0.91875,0.08125,nonAMP,peptide_test_id1086,0
0.825,0.175,nonAMP,peptide_test_id1087,0
0.7125,0.2875,nonAMP,peptide_test_id1088,0
0.54375,0.45625,nonAMP,peptide_test_id1089,0
0.05,0.95,AMP,peptide_test_id1090,1
0.48125,0.51875,AMP,peptide_test_id1091,1
0.5375,0.4625,nonAMP,peptide_test_id1092,0
0.88125,0.11875,nonAMP,peptide_test_id1093,0
0.55625,0.44375,nonAMP,peptide_test_id1094,0
0.14375,0.85625,AMP,peptide_test_id1095,1
0.825,0.175,nonAMP,peptide_test_id1096,0
0.35,0.65,AMP,peptide_test_id1097,1
0.75625,0.24375,nonAMP,peptide_test_id1098,0
0.5875,0.4125,nonAMP,peptide_test_id1099,0
0.35625,0.64375,AMP,peptide_test_id1100,1
0.0375,0.9625,AMP,peptide_test_id1101,1
0.4125,0.5875,AMP,peptide_test_id1102,1
0.0625,0.9375,AMP,peptide_test_id1103,1
0.2375,0.7625,AMP,peptide_test_id1104,1
0.36875,0.63125,AMP,peptide_test_id1105,1
0.50625,0.49375,nonAMP,peptide_test_id1106,0
0.85625,0.14375,nonAMP,peptide_test_id1107,0
0.58125,0.41875,nonAMP,peptide_test_id1108,0
0.74375,0.25625,nonAMP,peptide_test_id1109,0
0.33125,0.66875,AMP,peptide_test_id1110,1
0.55625,0.44375,nonAMP,peptide_test_id1111,0
0.45625,0.54375,AMP,peptide_test_id1112,1
0.6875,0.3125,nonAMP,peptide_test_id1113,0
0.40625,0.59375,AMP,peptide_test_id1114,1
0.9375,0.0625,nonAMP,peptide_test_id1115,0
0.54375,0.45625,nonAMP,peptide_test_id1116,0
0.84375,0.15625,nonAMP,peptide_test_id1117,0
0.65,0.35,nonAMP,peptide_test_id1118,0
0.4875,0.5125,AMP,peptide_test_id1119,1
0.5625,0.4375,nonAMP,peptide_test_id1120,0
0.45,0.55,AMP,peptide_test_id1121,1
0.025,0.975,AMP,peptide_test_id1122,1
0.1625,0.8375,AMP,peptide_test_id1123,1
0.06875,0.93125,AMP,peptide_test_id1124,1
0.10625,0.89375,AMP,peptide_test_id1125,1
0.00625,0.99375,AMP,peptide_test_id1126,1
0.84375,0.15625,nonAMP,peptide_test_id1127,0
0.025,0.975,AMP,peptide_test_id1128,1
0.54375,0.45625,nonAMP,peptide_test_id1129,0
0.54375,0.45625,nonAMP,peptide_test_id1130,0
0.78125,0.21875,nonAMP,peptide_test_id1131,0
0.6,0.4,nonAMP,peptide_test_id1132,0
0.4,0.6,AMP,peptide_test_id1133,1
0.525,0.475,nonAMP,peptide_test_id1134,0
0.6,0.4,nonAMP,peptide_test_id1135,0
0.65,0.35,nonAMP,peptide_test_id1136,0
0.84375,0.15625,nonAMP,peptide_test_id1137,0
0.38125,0.61875,AMP,peptide_test_id1138,1
0.28125,0.71875,AMP,peptide_test_id1139,1
0.08125,0.91875,AMP,peptide_test_id1140,1
0.8125,0.1875,nonAMP,peptide_test_id1141,0
0.4125,0.5875,AMP,peptide_test_id1142,1
0.55625,0.44375,nonAMP,peptide_test_id1143,0
0.3125,0.6875,AMP,peptide_test_id1144,1
0.26875,0.73125,AMP,peptide_test_id1145,1
0.14375,0.85625,AMP,peptide_test_id1146,1
0.475,0.525,AMP,peptide_test_id1147,1
0.01875,0.98125,AMP,peptide_test_id1148,1
0.025,0.975,AMP,peptide_test_id1149,1
0.05,0.95,AMP,peptide_test_id1150,1
0.7,0.3,nonAMP,peptide_test_id1151,0
0.0375,0.9625,AMP,peptide_test_id1152,1
0.2375,0.7625,AMP,peptide_test_id1153,1
0.3875,0.6125,AMP,peptide_test_id1154,1
0.10625,0.89375,AMP,peptide_test_id1155,1
0.36875,0.63125,AMP,peptide_test_id1156,1
0.6375,0.3625,nonAMP,peptide_test_id1157,0
0.275,0.725,AMP,peptide_test_id1158,1
0.53125,0.46875,nonAMP,peptide_test_id1159,0
0.7125,0.2875,nonAMP,peptide_test_id1160,0
0.39375,0.60625,AMP,peptide_test_id1161,1
0.74375,0.25625,nonAMP,peptide_test_id1162,0
0.84375,0.15625,nonAMP,peptide_test_id1163,0
0.88125,0.11875,nonAMP,peptide_test_id1164,0
0.73125,0.26875,nonAMP,peptide_test_id1165,0
0.90625,0.09375,nonAMP,peptide_test_id1166,0
0.53125,0.46875,nonAMP,peptide_test_id1167,0
0.33125,0.66875,AMP,peptide_test_id1168,1
0.0875,0.9125,AMP,peptide_test_id1169,1
0.00625,0.99375,AMP,peptide_test_id1170,1
0.0875,0.9125,AMP,peptide_test_id1171,1
0.7375,0.2625,nonAMP,peptide_test_id1172,0
0.1125,0.8875,AMP,peptide_test_id1173,1
0.90625,0.09375,nonAMP,peptide_test_id1174,0
0.60625,0.39375,nonAMP,peptide_test_id1175,0
0.2,0.8,AMP,peptide_test_id1176,1
0.85625,0.14375,nonAMP,peptide_test_id1177,0
0.425,0.575,AMP,peptide_test_id1178,1
0.59375,0.40625,nonAMP,peptide_test_id1179,0
0.575,0.425,nonAMP,peptide_test_id1180,0
0.40625,0.59375,AMP,peptide_test_id1181,1
0.0875,0.9125,AMP,peptide_test_id1182,1
0.55625,0.44375,nonAMP,peptide_test_id1183,0
0.83125,0.16875,nonAMP,peptide_test_id1184,0
0.5375,0.4625,nonAMP,peptide_test_id1185,0
0.85,0.15,nonAMP,peptide_test_id1186,0
0.4875,0.5125,AMP,peptide_test_id1187,1
0.7875,0.2125,nonAMP,peptide_test_id1188,0
0.10625,0.89375,AMP,peptide_test_id1189,1
0.51875,0.48125,nonAMP,peptide_test_id1190,0
0.46875,0.53125,AMP,peptide_test_id1191,1
0.175,0.825,AMP,peptide_test_id1192,1
0.1875,0.8125,AMP,peptide_test_id1193,1
0.0,1.0,AMP,peptide_test_id1194,1
0.6875,0.3125,nonAMP,peptide_test_id1195,0
0.26875,0.73125,AMP,peptide_test_id1196,1
0.5,0.5,nonAMP,peptide_test_id1197,0
0.5125,0.4875,nonAMP,peptide_test_id1198,0
0.03125,0.96875,AMP,peptide_test_id1199,1
0.8125,0.1875,nonAMP,peptide_test_id1200,0
0.59375,0.40625,nonAMP,peptide_test_id1201,0
0.7625,0.2375,nonAMP,peptide_test_id1202,0
0.775,0.225,nonAMP,peptide_test_id1203,0
0.11875,0.88125,AMP,peptide_test_id1204,1
0.51875,0.48125,nonAMP,peptide_test_id1205,0
0.74375,0.25625,nonAMP,peptide_test_id1206,0
0.8,0.2,nonAMP,peptide_test_id1207,0
0.38125,0.61875,AMP,peptide_test_id1208,1
0.55625,0.44375,nonAMP,peptide_test_id1209,0
0.5625,0.4375,nonAMP,peptide_test_id1210,0
0.725,0.275,nonAMP,peptide_test_id1211,0
0.50625,0.49375,nonAMP,peptide_test_id1212,0
0.80625,0.19375,nonAMP,peptide_test_id1213,0
0.61875,0.38125,nonAMP,peptide_test_id1214,0
0.0375,0.9625,AMP,peptide_test_id1215,1
0.225,0.775,AMP,peptide_test_id1216,1
0.5375,0.4625,nonAMP,peptide_test_id1217,0
0.59375,0.40625,nonAMP,peptide_test_id1218,0
0.83125,0.16875,nonAMP,peptide_test_id1219,0
0.3625,0.6375,AMP,peptide_test_id1220,1
0.45,0.55,AMP,peptide_test_id1221,1
0.6125,0.3875,nonAMP,peptide_test_id1222,0
0.81875,0.18125,nonAMP,peptide_test_id1223,0
0.0125,0.9875,AMP,peptide_test_id1224,1
0.41875,0.58125,AMP,peptide_test_id1225,1
0.49375,0.50625,AMP,peptide_test_id1226,1
0.79375,0.20625,nonAMP,peptide_test_id1227,0
0.70625,0.29375,nonAMP,peptide_test_id1228,0
0.625,0.375,nonAMP,peptide_test_id1229,0
0.0125,0.9875,AMP,peptide_test_id1230,1
0.1875,0.8125,AMP,peptide_test_id1231,1
0.41875,0.58125,AMP,peptide_test_id1232,1
0.8625,0.1375,nonAMP,peptide_test_id1233,0
0.4,0.6,AMP,peptide_test_id1234,1
0.1125,0.8875,AMP,peptide_test_id1235,1
0.4625,0.5375,AMP,peptide_test_id1236,1
0.83125,0.16875,nonAMP,peptide_test_id1237,0
0.55625,0.44375,nonAMP,peptide_test_id1238,0
0.14375,0.85625,AMP,peptide_test_id1239,1
0.3625,0.6375,AMP,peptide_test_id1240,1
0.5,0.5,nonAMP,peptide_test_id1241,0
0.48125,0.51875,AMP,peptide_test_id1242,1
0.19375,0.80625,AMP,peptide_test_id1243,1
0.6625,0.3375,nonAMP,peptide_test_id1244,0
0.65625,0.34375,nonAMP,peptide_test_id1245,0
0.65,0.35,nonAMP,peptide_test_id1246,0
0.56875,0.43125,nonAMP,peptide_test_id1247,0
0.9125,0.0875,nonAMP,peptide_test_id1248,0
0.1,0.9,AMP,peptide_test_id1249,1
0.73125,0.26875,nonAMP,peptide_test_id1250,0
0.75,0.25,nonAMP,peptide_test_id1251,0
0.1625,0.8375,AMP,peptide_test_id1252,1
0.95,0.05,nonAMP,peptide_test_id1253,0
0.6,0.4,nonAMP,peptide_test_id1254,0
0.625,0.375,nonAMP,peptide_test_id1255,0
0.675,0.325,nonAMP,peptide_test_id1256,0
0.7125,0.2875,nonAMP,peptide_test_id1257,0
0.6125,0.3875,nonAMP,peptide_test_id1258,0
0.9125,0.0875,nonAMP,peptide_test_id1259,0
0.91875,0.08125,nonAMP,peptide_test_id1260,0
0.68125,0.31875,nonAMP,peptide_test_id1261,0
0.81875,0.18125,nonAMP,peptide_test_id1262,0
0.225,0.775,AMP,peptide_test_id1263,1
0.8375,0.1625,nonAMP,peptide_test_id1264,0
0.48125,0.51875,AMP,peptide_test_id1265,1
0.4625,0.5375,AMP,peptide_test_id1266,1
0.33125,0.66875,AMP,peptide_test_id1267,1
0.95,0.05,nonAMP,peptide_test_id1268,0
0.28125,0.71875,AMP,peptide_test_id1269,1
0.5625,0.4375,nonAMP,peptide_test_id1270,0
0.7,0.3,nonAMP,peptide_test_id1271,0
0.06875,0.93125,AMP,peptide_test_id1272,1
0.45,0.55,AMP,peptide_test_id1273,1
0.83125,0.16875,nonAMP,peptide_test_id1274,0
0.46875,0.53125,AMP,peptide_test_id1275,1
0.1625,0.8375,AMP,peptide_test_id1276,1
0.85,0.15,nonAMP,peptide_test_id1277,0
0.675,0.325,nonAMP,peptide_test_id1278,0
0.4625,0.5375,AMP,peptide_test_id1279,1
0.2375,0.7625,AMP,peptide_test_id1280,1
0.64375,0.35625,nonAMP,peptide_test_id1281,0
0.55625,0.44375,nonAMP,peptide_test_id1282,0
0.65,0.35,nonAMP,peptide_test_id1283,0
0.45625,0.54375,AMP,peptide_test_id1284,1
0.6625,0.3375,nonAMP,peptide_test_id1285,0
0.19375,0.80625,AMP,peptide_test_id1286,1
0.64375,0.35625,nonAMP,peptide_test_id1287,0
0.475,0.525,AMP,peptide_test_id1288,1
0.6625,0.3375,nonAMP,peptide_test_id1289,0
0.5625,0.4375,nonAMP,peptide_test_id1290,0
0.00625,0.99375,AMP,peptide_test_id1291,1
0.55625,0.44375,nonAMP,peptide_test_id1292,0
0.7875,0.2125,nonAMP,peptide_test_id1293,0
0.375,0.625,AMP,peptide_test_id1294,1
0.59375,0.40625,nonAMP,peptide_test_id1295,0
0.45625,0.54375,AMP,peptide_test_id1296,1
0.4,0.6,AMP,peptide_test_id1297,1
0.3125,0.6875,AMP,peptide_test_id1298,1
0.9125,0.0875,nonAMP,peptide_test_id1299,0
0.75625,0.24375,nonAMP,peptide_test_id1300,0
0.35625,0.64375,AMP,peptide_test_id1301,1
0.51875,0.48125,nonAMP,peptide_test_id1302,0
0.54375,0.45625,nonAMP,peptide_test_id1303,0
0.7625,0.2375,nonAMP,peptide_test_id1304,0
0.0,1.0,AMP,peptide_test_id1305,1
0.3625,0.6375,AMP,peptide_test_id1306,1
0.59375,0.40625,nonAMP,peptide_test_id1307,0
0.71875,0.28125,nonAMP,peptide_test_id1308,0
0.54375,0.45625,nonAMP,peptide_test_id1309,0
0.5,0.5,nonAMP,peptide_test_id1310,0
0.34375,0.65625,AMP,peptide_test_id1311,1
0.43125,0.56875,AMP,peptide_test_id1312,1
0.64375,0.35625,nonAMP,peptide_test_id1313,0
0.80625,0.19375,nonAMP,peptide_test_id1314,0
0.70625,0.29375,nonAMP,peptide_test_id1315,0
0.83125,0.16875,nonAMP,peptide_test_id1316,0
0.35625,0.64375,AMP,peptide_test_id1317,1
0.58125,0.41875,nonAMP,peptide_test_id1318,0
0.2875,0.7125,AMP,peptide_test_id1319,1
0.325,0.675,AMP,peptide_test_id1320,1
0.86875,0.13125,nonAMP,peptide_test_id1321,0
0.94375,0.05625,nonAMP,peptide_test_id1322,0
0.625,0.375,nonAMP,peptide_test_id1323,0
0.075,0.925,AMP,peptide_test_id1324,1
0.6875,0.3125,nonAMP,peptide_test_id1325,0
0.24375,0.75625,AMP,peptide_test_id1326,1
0.66875,0.33125,nonAMP,peptide_test_id1327,0
0.93125,0.06875,nonAMP,peptide_test_id1328,0
0.7875,0.2125,nonAMP,peptide_test_id1329,0
0.63125,0.36875,nonAMP,peptide_test_id1330,0
0.675,0.325,nonAMP,peptide_test_id1331,0
0.5875,0.4125,nonAMP,peptide_test_id1332,0
0.4,0.6,AMP,peptide_test_id1333,1
0.15,0.85,AMP,peptide_test_id1334,1
0.84375,0.15625,nonAMP,peptide_test_id1335,0
0.775,0.225,nonAMP,peptide_test_id1336,0
0.825,0.175,nonAMP,peptide_test_id1337,0
0.80625,0.19375,nonAMP,peptide_test_id1338,0
0.325,0.675,AMP,peptide_test_id1339,1
0.2875,0.7125,AMP,peptide_test_id1340,1
0.1375,0.8625,AMP,peptide_test_id1341,1
0.53125,0.46875,nonAMP,peptide_test_id1342,0
0.4125,0.5875,AMP,peptide_test_id1343,1
0.06875,0.93125,AMP,peptide_test_id1344,1
0.61875,0.38125,nonAMP,peptide_test_id1345,0
0.08125,0.91875,AMP,peptide_test_id1346,1
0.20625,0.79375,AMP,peptide_test_id1347,1
0.125,0.875,AMP,peptide_test_id1348,1
0.65625,0.34375,nonAMP,peptide_test_id1349,0
0.0,1.0,AMP,peptide_test_id1350,1
0.51875,0.48125,nonAMP,peptide_test_id1351,0
0.1375,0.8625,AMP,peptide_test_id1352,1
0.9375,0.0625,nonAMP,peptide_test_id1353,0
0.56875,0.43125,nonAMP,peptide_test_id1354,0
0.38125,0.61875,AMP,peptide_test_id1355,1
0.7,0.3,nonAMP,peptide_test_id1356,0
0.0625,0.9375,AMP,peptide_test_id1357,1
0.9125,0.0875,nonAMP,peptide_test_id1358,0
0.70625,0.29375,nonAMP,peptide_test_id1359,0
0.775,0.225,nonAMP,peptide_test_id1360,0
0.9,0.1,nonAMP,peptide_test_id1361,0
0.75625,0.24375,nonAMP,peptide_test_id1362,0
0.68125,0.31875,nonAMP,peptide_test_id1363,0
0.63125,0.36875,nonAMP,peptide_test_id1364,0
0.16875,0.83125,AMP,peptide_test_id1365,1
0.775,0.225,nonAMP,peptide_test_id1366,0
0.4375,0.5625,AMP,peptide_test_id1367,1
0.225,0.775,AMP,peptide_test_id1368,1
0.9125,0.0875,nonAMP,peptide_test_id1369,0
0.6875,0.3125,nonAMP,peptide_test_id1370,0
0.6,0.4,nonAMP,peptide_test_id1371,0
0.48125,0.51875,AMP,peptide_test_id1372,1
0.6375,0.3625,nonAMP,peptide_test_id1373,0
0.30625,0.69375,AMP,peptide_test_id1374,1
0.5875,0.4125,nonAMP,peptide_test_id1375,0
0.71875,0.28125,nonAMP,peptide_test_id1376,0
0.85,0.15,nonAMP,peptide_test_id1377,0
0.525,0.475,nonAMP,peptide_test_id1378,0
0.6,0.4,nonAMP,peptide_test_id1379,0
0.43125,0.56875,AMP,peptide_test_id1380,1
0.49375,0.50625,AMP,peptide_test_id1381,1
0.1375,0.8625,AMP,peptide_test_id1382,1
0.55625,0.44375,nonAMP,peptide_test_id1383,0
0.38125,0.61875,AMP,peptide_test_id1384,1
0.80625,0.19375,nonAMP,peptide_test_id1385,0
0.65,0.35,nonAMP,peptide_test_id1386,0
0.86875,0.13125,nonAMP,peptide_test_id1387,0
0.825,0.175,nonAMP,peptide_test_id1388,0
0.8125,0.1875,nonAMP,peptide_test_id1389,0
0.5,0.5,nonAMP,peptide_test_id1390,0
0.78125,0.21875,nonAMP,peptide_test_id1391,0
0.7625,0.2375,nonAMP,peptide_test_id1392,0
0.61875,0.38125,nonAMP,peptide_test_id1393,0
0.69375,0.30625,nonAMP,peptide_test_id1394,0
0.4,0.6,AMP,peptide_test_id1395,1
0.48125,0.51875,AMP,peptide_test_id1396,1
0.56875,0.43125,nonAMP,peptide_test_id1397,0
0.66875,0.33125,nonAMP,peptide_test_id1398,0
0.65625,0.34375,nonAMP,peptide_test_id1399,0
0.95625,0.04375,nonAMP,peptide_test_id1400,0
0.49375,0.50625,AMP,peptide_test_id1401,1
0.35,0.65,AMP,peptide_test_id1402,1
0.73125,0.26875,nonAMP,peptide_test_id1403,0
0.15625,0.84375,AMP,peptide_test_id1404,1
0.8125,0.1875,nonAMP,peptide_test_id1405,0
0.3375,0.6625,AMP,peptide_test_id1406,1
0.05,0.95,AMP,peptide_test_id1407,1
0.44375,0.55625,AMP,peptide_test_id1408,1
0.55,0.45,nonAMP,peptide_test_id1409,0
0.8125,0.1875,nonAMP,peptide_test_id1410,0
0.39375,0.60625,AMP,peptide_test_id1411,1
0.9,0.1,nonAMP,peptide_test_id1412,0
0.56875,0.43125,nonAMP,peptide_test_id1413,0
0.5875,0.4125,nonAMP,peptide_test_id1414,0
0.91875,0.08125,nonAMP,peptide_test_id1415,0
0.125,0.875,AMP,peptide_test_id1416,1
0.725,0.275,nonAMP,peptide_test_id1417,0
0.7125,0.2875,nonAMP,peptide_test_id1418,0
0.725,0.275,nonAMP,peptide_test_id1419,0
0.6875,0.3125,nonAMP,peptide_test_id1420,0
0.01875,0.98125,AMP,peptide_test_id1421,1
0.90625,0.09375,nonAMP,peptide_test_id1422,0
0.325,0.675,AMP,peptide_test_id1423,1
0.9625,0.0375,nonAMP,peptide_test_id1424,0
0.03125,0.96875,AMP,peptide_test_id1425,1
0.775,0.225,nonAMP,peptide_test_id1426,0
0.95,0.05,nonAMP,peptide_test_id1427,0
0.51875,0.48125,nonAMP,peptide_test_id1428,0
0.40625,0.59375,AMP,peptide_test_id1429,1
0.18125,0.81875,AMP,peptide_test_id1430,1
0.6,0.4,nonAMP,peptide_test_id1431,0
0.43125,0.56875,AMP,peptide_test_id1432,1
0.80625,0.19375,nonAMP,peptide_test_id1433,0
0.36875,0.63125,AMP,peptide_test_id1434,1
0.4125,0.5875,AMP,peptide_test_id1435,1
0.75,0.25,nonAMP,peptide_test_id1436,0
0.83125,0.16875,nonAMP,peptide_test_id1437,0
0.025,0.975,AMP,peptide_test_id1438,1
0.5125,0.4875,nonAMP,peptide_test_id1439,0
0.0,1.0,AMP,peptide_test_id1440,1
0.08125,0.91875,AMP,peptide_test_id1441,1
0.0125,0.9875,AMP,peptide_test_id1442,1
0.6,0.4,nonAMP,peptide_test_id1443,0
0.75625,0.24375,nonAMP,peptide_test_id1444,0
0.7125,0.2875,nonAMP,peptide_test_id1445,0
0.8,0.2,nonAMP,peptide_test_id1446,0
0.45625,0.54375,AMP,peptide_test_id1447,1
0.5125,0.4875,nonAMP,peptide_test_id1448,0
0.86875,0.13125,nonAMP,peptide_test_id1449,0
0.6125,0.3875,nonAMP,peptide_test_id1450,0
0.3,0.7,AMP,peptide_test_id1451,1
0.175,0.825,AMP,peptide_test_id1452,1
0.33125,0.66875,AMP,peptide_test_id1453,1
0.4625,0.5375,AMP,peptide_test_id1454,1
0.01875,0.98125,AMP,peptide_test_id1455,1
0.38125,0.61875,AMP,peptide_test_id1456,1
0.4625,0.5375,AMP,peptide_test_id1457,1
0.88125,0.11875,nonAMP,peptide_test_id1458,0
0.675,0.325,nonAMP,peptide_test_id1459,0
0.85625,0.14375,nonAMP,peptide_test_id1460,0
0.83125,0.16875,nonAMP,peptide_test_id1461,0
0.80625,0.19375,nonAMP,peptide_test_id1462,0
0.41875,0.58125,AMP,peptide_test_id1463,1
0.89375,0.10625,nonAMP,peptide_test_id1464,0
0.85,0.15,nonAMP,peptide_test_id1465,0
0.86875,0.13125,nonAMP,peptide_test_id1466,0
0.00625,0.99375,AMP,peptide_test_id1467,1
0.6375,0.3625,nonAMP,peptide_test_id1468,0
0.4625,0.5375,AMP,peptide_test_id1469,1
0.45625,0.54375,AMP,peptide_test_id1470,1
0.3,0.7,AMP,peptide_test_id1471,1
0.19375,0.80625,AMP,peptide_test_id1472,1
0.8375,0.1625,nonAMP,peptide_test_id1473,0
0.0875,0.9125,AMP,peptide_test_id1474,1
0.8375,0.1625,nonAMP,peptide_test_id1475,0
0.7,0.3,nonAMP,peptide_test_id1476,0
0.725,0.275,nonAMP,peptide_test_id1477,0
0.3625,0.6375,AMP,peptide_test_id1478,1
0.45,0.55,AMP,peptide_test_id1479,1
0.50625,0.49375,nonAMP,peptide_test_id1480,0
0.9375,0.0625,nonAMP,peptide_test_id1481,0
0.49375,0.50625,AMP,peptide_test_id1482,1
0.775,0.225,nonAMP,peptide_test_id1483,0
0.61875,0.38125,nonAMP,peptide_test_id1484,0
0.93125,0.06875,nonAMP,peptide_test_id1485,0
0.50625,0.49375,nonAMP,peptide_test_id1486,0
0.61875,0.38125,nonAMP,peptide_test_id1487,0
0.675,0.325,nonAMP,peptide_test_id1488,0
0.79375,0.20625,nonAMP,peptide_test_id1489,0
0.0,1.0,AMP,peptide_test_id1490,1
0.04375,0.95625,AMP,peptide_test_id1491,1
0.70625,0.29375,nonAMP,peptide_test_id1492,0
0.13125,0.86875,AMP,peptide_test_id1493,1
0.5125,0.4875,nonAMP,peptide_test_id1494,0
0.48125,0.51875,AMP,peptide_test_id1495,1
0.73125,0.26875,nonAMP,peptide_test_id1496,0
0.84375,0.15625,nonAMP,peptide_test_id1497,0
0.78125,0.21875,nonAMP,peptide_test_id1498,0
0.20625,0.79375,AMP,peptide_test_id1499,1
0.5875,0.4125,nonAMP,peptide_test_id1500,0
0.0375,0.9625,AMP,peptide_test_id1501,1
0.2875,0.7125,AMP,peptide_test_id1502,1
0.36875,0.63125,AMP,peptide_test_id1503,1
0.875,0.125,nonAMP,peptide_test_id1504,0
0.91875,0.08125,nonAMP,peptide_test_id1505,0
0.46875,0.53125,AMP,peptide_test_id1506,1
0.71875,0.28125,nonAMP,peptide_test_id1507,0
0.69375,0.30625,nonAMP,peptide_test_id1508,0
0.0875,0.9125,AMP,peptide_test_id1509,1
0.89375,0.10625,nonAMP,peptide_test_id1510,0
0.2,0.8,AMP,peptide_test_id1511,1
0.8125,0.1875,nonAMP,peptide_test_id1512,0
0.80625,0.19375,nonAMP,peptide_test_id1513,0
0.925,0.075,nonAMP,peptide_test_id1514,0
0.825,0.175,nonAMP,peptide_test_id1515,0
0.54375,0.45625,nonAMP,peptide_test_id1516,0
0.38125,0.61875,AMP,peptide_test_id1517,1
0.75,0.25,nonAMP,peptide_test_id1518,0
0.86875,0.13125,nonAMP,peptide_test_id1519,0
0.73125,0.26875,nonAMP,peptide_test_id1520,0
0.0875,0.9125,AMP,peptide_test_id1521,1
0.70625,0.29375,nonAMP,peptide_test_id1522,0
0.6625,0.3375,nonAMP,peptide_test_id1523,0
0.64375,0.35625,nonAMP,peptide_test_id1524,0
0.11875,0.88125,AMP,peptide_test_id1525,1
0.85,0.15,nonAMP,peptide_test_id1526,0
0.21875,0.78125,AMP,peptide_test_id1527,1
0.5125,0.4875,nonAMP,peptide_test_id1528,0
0.3,0.7,AMP,peptide_test_id1529,1
0.4375,0.5625,AMP,peptide_test_id1530,1
0.49375,0.50625,AMP,peptide_test_id1531,1
0.60625,0.39375,nonAMP,peptide_test_id1532,0
0.33125,0.66875,AMP,peptide_test_id1533,1
0.03125,0.96875,AMP,peptide_test_id1534,1
0.50625,0.49375,nonAMP,peptide_test_id1535,0
0.44375,0.55625,AMP,peptide_test_id1536,1
0.89375,0.10625,nonAMP,peptide_test_id1537,0
0.45625,0.54375,AMP,peptide_test_id1538,1
0.19375,0.80625,AMP,peptide_test_id1539,1
0.31875,0.68125,AMP,peptide_test_id1540,1
0.8,0.2,nonAMP,peptide_test_id1541,0
0.58125,0.41875,nonAMP,peptide_test_id1542,0
0.80625,0.19375,nonAMP,peptide_test_id1543,0
0.375,0.625,AMP,peptide_test_id1544,1
0.65625,0.34375,nonAMP,peptide_test_id1545,0
0.58125,0.41875,nonAMP,peptide_test_id1546,0
0.73125,0.26875,nonAMP,peptide_test_id1547,0
0.00625,0.99375,AMP,peptide_test_id1548,1
0.825,0.175,nonAMP,peptide_test_id1549,0
0.125,0.875,AMP,peptide_test_id1550,1
0.49375,0.50625,AMP,peptide_test_id1551,1
0.4875,0.5125,AMP,peptide_test_id1552,1
0.80625,0.19375,nonAMP,peptide_test_id1553,0
0.7375,0.2625,nonAMP,peptide_test_id1554,0
0.1625,0.8375,AMP,peptide_test_id1555,1
0.60625,0.39375,nonAMP,peptide_test_id1556,0
0.73125,0.26875,nonAMP,peptide_test_id1557,0
0.7625,0.2375,nonAMP,peptide_test_id1558,0
0.0,1.0,AMP,peptide_test_id1559,1
0.23125,0.76875,AMP,peptide_test_id1560,1
0.7,0.3,nonAMP,peptide_test_id1561,0
0.93125,0.06875,nonAMP,peptide_test_id1562,0
0.45,0.55,AMP,peptide_test_id1563,1
0.01875,0.98125,AMP,peptide_test_id1564,1
0.49375,0.50625,AMP,peptide_test_id1565,1
0.31875,0.68125,AMP,peptide_test_id1566,1
0.40625,0.59375,AMP,peptide_test_id1567,1
0.05,0.95,AMP,peptide_test_id1568,1
0.65,0.35,nonAMP,peptide_test_id1569,0
0.73125,0.26875,nonAMP,peptide_test_id1570,0
0.4875,0.5125,AMP,peptide_test_id1571,1
0.425,0.575,AMP,peptide_test_id1572,1
0.2,0.8,AMP,peptide_test_id1573,1
0.55,0.45,nonAMP,peptide_test_id1574,0
0.48125,0.51875,AMP,peptide_test_id1575,1
0.7375,0.2625,nonAMP,peptide_test_id1576,0
0.13125,0.86875,AMP,peptide_test_id1577,1
0.7875,0.2125,nonAMP,peptide_test_id1578,0
0.075,0.925,AMP,peptide_test_id1579,1
0.24375,0.75625,AMP,peptide_test_id1580,1
0.63125,0.36875,nonAMP,peptide_test_id1581,0
0.48125,0.51875,AMP,peptide_test_id1582,1
0.075,0.925,AMP,peptide_test_id1583,1
0.6625,0.3375,nonAMP,peptide_test_id1584,0
0.05,0.95,AMP,peptide_test_id1585,1
0.45,0.55,AMP,peptide_test_id1586,1
0.4125,0.5875,AMP,peptide_test_id1587,1
0.85625,0.14375,nonAMP,peptide_test_id1588,0
0.74375,0.25625,nonAMP,peptide_test_id1589,0
0.4,0.6,AMP,peptide_test_id1590,1
0.7,0.3,nonAMP,peptide_test_id1591,0
0.8125,0.1875,nonAMP,peptide_test_id1592,0
0.78125,0.21875,nonAMP,peptide_test_id1593,0
0.56875,0.43125,nonAMP,peptide_test_id1594,0
0.48125,0.51875,AMP,peptide_test_id1595,1
0.91875,0.08125,nonAMP,peptide_test_id1596,0
0.15625,0.84375,AMP,peptide_test_id1597,1
0.2125,0.7875,AMP,peptide_test_id1598,1
0.1125,0.8875,AMP,peptide_test_id1599,1
0.075,0.925,AMP,peptide_test_id1600,1
0.5125,0.4875,nonAMP,peptide_test_id1601,0
0.80625,0.19375,nonAMP,peptide_test_id1602,0
0.5125,0.4875,nonAMP,peptide_test_id1603,0
0.88125,0.11875,nonAMP,peptide_test_id1604,0
0.4375,0.5625,AMP,peptide_test_id1605,1
0.8625,0.1375,nonAMP,peptide_test_id1606,0
0.8,0.2,nonAMP,peptide_test_id1607,0
0.2375,0.7625,AMP,peptide_test_id1608,1
0.84375,0.15625,nonAMP,peptide_test_id1609,0
0.55625,0.44375,nonAMP,peptide_test_id1610,0
0.50625,0.49375,nonAMP,peptide_test_id1611,0
0.63125,0.36875,nonAMP,peptide_test_id1612,0
0.6875,0.3125,nonAMP,peptide_test_id1613,0
0.375,0.625,AMP,peptide_test_id1614,1
0.04375,0.95625,AMP,peptide_test_id1615,1
0.65625,0.34375,nonAMP,peptide_test_id1616,0
0.38125,0.61875,AMP,peptide_test_id1617,1
0.78125,0.21875,nonAMP,peptide_test_id1618,0
0.4,0.6,AMP,peptide_test_id1619,1
0.2,0.8,AMP,peptide_test_id1620,1
0.65625,0.34375,nonAMP,peptide_test_id1621,0
0.50625,0.49375,nonAMP,peptide_test_id1622,0
0.575,0.425,nonAMP,peptide_test_id1623,0
0.15625,0.84375,AMP,peptide_test_id1624,1
0.6875,0.3125,nonAMP,peptide_test_id1625,0
0.8375,0.1625,nonAMP,peptide_test_id1626,0
0.125,0.875,AMP,peptide_test_id1627,1
0.43125,0.56875,AMP,peptide_test_id1628,1
0.0875,0.9125,AMP,peptide_test_id1629,1
0.4375,0.5625,AMP,peptide_test_id1630,1
0.0375,0.9625,AMP,peptide_test_id1631,1
0.21875,0.78125,AMP,peptide_test_id1632,1
0.075,0.925,AMP,peptide_test_id1633,1
0.775,0.225,nonAMP,peptide_test_id1634,0
0.275,0.725,AMP,peptide_test_id1635,1
0.63125,0.36875,nonAMP,peptide_test_id1636,0
0.56875,0.43125,nonAMP,peptide_test_id1637,0
0.7125,0.2875,nonAMP,peptide_test_id1638,0
0.625,0.375,nonAMP,peptide_test_id1639,0
0.15625,0.84375,AMP,peptide_test_id1640,1
0.39375,0.60625,AMP,peptide_test_id1641,1
0.13125,0.86875,AMP,peptide_test_id1642,1
0.9,0.1,nonAMP,peptide_test_id1643,0
0.48125,0.51875,AMP,peptide_test_id1644,1
0.85625,0.14375,nonAMP,peptide_test_id1645,0
0.00625,0.99375,AMP,peptide_test_id1646,1
0.825,0.175,nonAMP,peptide_test_id1647,0
0.54375,0.45625,nonAMP,peptide_test_id1648,0
0.125,0.875,AMP,peptide_test_id1649,1
0.175,0.825,AMP,peptide_test_id1650,1
0.7125,0.2875,nonAMP,peptide_test_id1651,0
0.60625,0.39375,nonAMP,peptide_test_id1652,0
0.31875,0.68125,AMP,peptide_test_id1653,1
0.19375,0.80625,AMP,peptide_test_id1654,1
0.74375,0.25625,nonAMP,peptide_test_id1655,0
0.36875,0.63125,AMP,peptide_test_id1656,1
0.9,0.1,nonAMP,peptide_test_id1657,0
0.9,0.1,nonAMP,peptide_test_id1658,0
0.70625,0.29375,nonAMP,peptide_test_id1659,0
0.05,0.95,AMP,peptide_test_id1660,1
0.8125,0.1875,nonAMP,peptide_test_id1661,0
0.41875,0.58125,AMP,peptide_test_id1662,1
0.69375,0.30625,nonAMP,peptide_test_id1663,0
0.3875,0.6125,AMP,peptide_test_id1664,1
0.325,0.675,AMP,peptide_test_id1665,1
0.55,0.45,nonAMP,peptide_test_id1666,0
0.91875,0.08125,nonAMP,peptide_test_id1667,0
0.625,0.375,nonAMP,peptide_test_id1668,0
0.81875,0.18125,nonAMP,peptide_test_id1669,0
0.53125,0.46875,nonAMP,peptide_test_id1670,0
0.70625,0.29375,nonAMP,peptide_test_id1671,0
0.5125,0.4875,nonAMP,peptide_test_id1672,0
0.63125,0.36875,nonAMP,peptide_test_id1673,0
